id,dinder_score
6,92.57574388
4,96.21321904
5,84.66026205
7,90.70523614
9,93.65693977
8,95.35340928
13,95.7202135
11,86.90728414
12,93.56523872
14,61.31942789
10,94.71914365
15,92.73992922
16,91.08166849
17,89.0316919
19,89.79586735
22,85.78860234
20,86.13546693
21,75.10967862
23,77.05068427
24,57.52911764
25,88.6113954
26,88.11169572
2,97.72235319
3,88.60375364
29,84.87457743
30,74.17147101
185,0
31,76.93778616
32,75.16930313
33,79.55126621
34,78.01892434
35,94.00081872
36,79.31902187
37,76.82143163
39,84.75696548
40,79.15754576
38,86.25009324
42,59.18562283
43,85.27959042
41,77.84416324
44,67.30518446
45,87.71731012
46,72.16760312
47,60.40849491
48,78.97414366
50,85.45733714
51,63.14405169
53,76.75265584
49,89.39849612
28,57.17759693
61,79.02398515
57,59.78932144
60,73.88699789
58,50.31373715
62,55.61935327
59,81.70324929
64,67.87789995
65,62.25760816
66,83.11823738
67,81.69859924
63,63.0428197
68,61.29070753
69,52.00361884
70,64.28744466
71,53.61249064
72,56.24507508
73,58.98082321
74,58.87383864
75,63.24914708
76,60.73689901
77,60.95850989
78,78.63790646
79,96.76342537
80,56.1061871
81,54.81265006
56,68.48201466
83,79.42517726
84,58.33738808
85,56.14573227
86,55.50248849
87,67.67157258
88,59.02667373
89,52.66845148
90,49.93270336
91,45.57764132
93,58.27625404
94,52.36660218
95,64.04388955
92,55.8977792
96,50.07025494
97,51.42284549
100,54.56388908
101,49.76458476
102,58.24587837
103,34.18856898
104,52.20230446
105,53.08110623
106,42.51043968
107,50.6815953
108,61.45333476
109,52.90534588
82,44.33429505
112,52.72194377
113,41.95968665
114,33.74591518
115,58.56052671
116,52.41627358
117,41.6282301
118,56.47299132
119,65.30379801
120,41.90619436
121,57.05376466
122,58.30070705
123,35.23605732
124,53.31800062
125,95.75078052
127,43.07878758
128,41.17258593
129,49.9250616
130,42.02846244
131,38.02396437
132,44.5974071
133,40.66058837
134,32.35526772
135,42.57102701
136,29.28522017
202,0
111,83.28635598
139,42.135447
140,37.15955619
141,33.95239442
143,0
145,31.13258699
144,34.58095607
146,55.61080945
147,31.95025473
148,0
149,42.94165211
150,45.93339901
226,0
151,63.57010077
152,0
153,47.44913313
154,31.14216652
155,57.65138571
156,0
157,26.43484572
158,53.29507536
159,0
160,42.20422279
161,35.82170547
162,37.90191498
163,0
164,37.29821637
165,0
166,0
138,35.46221802
169,41.18786944
170,52.63788447
171,0
172,77.57969354
173,0
174,0
176,55.79443935
177,0
178,0
179,0
180,0
181,28.75029735
182,0
183,0
184,0
3323,0
186,43.17048864
187,0
188,0
189,0
190,0
191,0
192,0
193,0
194,0
195,0
196,0
197,0
198,37.45869322
199,60.33431583
200,0
201,0
168,0
205,41.40183856
206,0
207,0
208,0
209,0
210,0
211,0
212,0
214,0
215,0
216,0
217,0
218,0
219,0
220,0
221,0
222,0
223,0
224,0
225,0
271,0
227,0
228,0
229,0
230,0
231,0
232,0
233,0
234,0
235,0
236,0
237,0
238,0
239,0
240,0
241,0
242,0
204,0
245,0
246,0
247,0
248,0
249,0
250,0
251,0
252,0
253,0
254,0
255,0
256,0
257,0
258,0
259,0
260,0
261,0
262,0
263,0
264,0
266,0
267,0
268,0
269,0
270,0
272,0
273,0
274,0
275,0
276,0
277,0
278,0
279,0
280,0
281,0
282,0
283,0
284,0
285,0
244,0
287,0
288,0
289,0
290,0
291,0
292,0
293,0
294,55.85574955
295,0
296,0
297,0
298,0
300,42.53336495
301,0
302,0
303,51.73615743
304,0
305,0
306,0
308,40.22848603
309,34.35740741
310,80.13668961
311,48.72604419
312,0
175,0
313,42.39526666
314,0
315,44.12548016
316,0
317,80.77221874
318,43.42821865
319,57.79657905
522,30.11052966
523,66.54274329
286,0
557,0
321,49.42908561
322,42.08761922
323,39.99159164
324,47.46942205
325,52.98204589
433,59.44544249
27,67.41981078
52,43.82003777
54,67.5493045
55,64.11648622
98,50.50634521
99,53.74593888
110,62.00354108
126,59.76815172
137,52.33985604
142,52.08077444
167,0
615,0
203,0
213,57.3839243
243,0
265,0
299,0
307,55.96255795
434,51.53056811
320,44.09651682
326,98.84198261
327,90.48362526
328,95.88069034
329,90.43013298
330,96.09465947
331,88.29044171
332,99.42275595
333,90.68231088
334,96.0564507
335,97.17978862
336,97.3173402
337,92.56702086
338,88.30572522
339,81.7185328
340,86.38000307
341,95.22349945
342,85.29487393
343,88.00769679
344,86.62453922
345,84.89750269
346,93.16786748
347,81.65174338
348,93.71807381
349,56.27586989
350,85.64639463
351,84.39314689
352,86.59098657
353,76.192545
354,61.29650263
355,78.78893741
356,92.01396254
357,86.54812167
358,73.87935613
359,93.32834432
360,78.75353203
361,94.19950434
362,68.78726874
363,79.12797801
364,81.17131817
365,85.87564727
366,87.86376695
367,79.1967538
368,77.10291305
369,60.73865455
370,77.23282288
3480,0
371,89.24566103
372,86.05140763
373,58.08696572
374,73.18269297
375,86.40292833
376,76.72746782
521,53.40970168
377,80.9839251
378,83.30037599
379,86.02084061
380,78.50899589
381,79.42726994
382,82.67375212
383,71.66862631
384,84.12767185
385,95.60558718
386,60.37009479
387,57.35312949
388,88.29808346
389,63.27396152
390,81.7816532
391,81.54941494
392,75.06879098
393,87.52752975
394,62.18119062
395,56.94070254
396,63.28924503
397,57.00183657
618,0
398,59.62120284
399,63.19754397
400,62.73332864
401,53.33379439
402,69.34553293
403,66.08423801
404,49.1458851
405,65.72696473
406,61.39984248
407,49.03148658
408,59.81377445
409,79.58166314
410,44.01108164
411,44.55364621
412,75.78088951
413,49.15375465
414,46.04378835
415,74.75547904
416,81.52332181
417,75.03199757
418,52.54669367
419,84.75357285
420,45.79902441
421,60.01876543
422,48.29000859
423,73.18891936
424,74.70340212
699,0
425,69.66057914
426,56.61952105
427,60.74606851
428,70.37716979
429,66.85605522
430,45.72283466
431,56.10724103
432,74.77882041
435,56.26822814
436,51.19359286
437,54.80932729
438,43.30595058
439,51.61388936
440,66.09187977
441,58.94891979
442,54.9086701
443,68.14751174
444,54.96097785
445,61.63673687
446,43.64653714
447,56.55046279
448,44.43616183
449,47.60989244
450,51.1859511
451,42.16941879
452,54.02919405
453,58.29278283
454,80.07555557
616,0
455,65.95621736
456,66.47396749
457,67.09294961
458,42.15891897
459,42.55150652
460,60.80378562
461,43.01479548
462,55.96080242
463,43.02320566
464,58.3926359
465,38.48677041
466,55.96844417
467,56.77207368
468,60.63468598
469,69.12183544
470,66.70322013
471,51.36935321
472,52.71548654
473,60.89126184
474,38.44091988
475,48.06599524
476,62.24232465
477,55.5191084
478,66.489251
479,41.28393808
480,56.30592665
481,57.36430965
617,0
482,56.82556596
483,50.10381974
484,55.73279506
485,62.64594658
486,73.75557854
487,45.00165166
488,48.48869421
489,60.08146365
490,28.49135546
491,54.25029468
492,51.10953356
493,46.10151761
494,39.48430488
495,47.47205839
496,39.46520049
497,85.42677012
498,49.97855388
499,41.76100103
500,37.21736139
501,37.86482089
502,47.35476536
503,34.5330159
504,37.16830655
505,58.98289766
506,41.52410664
507,47.05673693
508,47.12551272
509,85.54705183
510,63.86256796
511,97.46253353
512,32.88254878
513,37.30585813
514,0
515,86.32651079
516,47.75598784
517,29.10133817
518,0
519,0
520,0
524,0
525,45.98307042
526,38.3874276
527,54.8619175
528,0
529,35.89533785
530,35.8189203
531,30.73715353
532,44.52786288
533,55.99901119
534,0
535,41.99080037
536,35.89779803
537,47.07768493
538,38.18592644
539,0
540,0
541,0
542,74.79368781
543,57.42162281
544,51.25948325
545,51.72497726
546,37.60388656
547,0
548,0
549,37.5962448
550,0
551,0
552,0
553,0
554,0
555,0
556,47.5714012
558,0
559,0
560,0
561,0
562,32.74086956
563,0
564,0
565,33.84469003
566,50.96328629
567,0
568,39.70591576
569,56.69616639
570,47.32686506
571,46.53709762
572,0
573,28.70444682
574,30.29480954
575,0
576,0
577,0
578,0
579,28.68916331
580,0
581,0
582,0
583,32.00302718
584,39.46083291
585,0
586,0
587,0
588,0
589,0
590,0
591,0
592,0
593,57.23850317
594,57.13887789
595,39.79707011
596,37.50454375
597,48.97822209
598,0
599,0
600,0
601,0
602,0
603,0
604,0
605,0
606,0
607,0
608,0
609,0
610,0
611,0
612,0
613,0
614,0
619,0
620,0
621,0
622,0
623,0
624,0
625,0
626,0
627,0
628,0
629,0
630,0
631,0
632,0
633,0
634,0
635,0
636,0
637,0
638,0
639,0
640,0
641,0
642,0
643,44.03713528
644,0
645,0
646,47.75480331
647,38.67504733
648,0
649,0
650,0
651,0
652,53.58232757
653,40.93909631
654,0
655,0
656,0
657,56.93283299
658,0
659,0
660,0
661,0
662,0
663,0
664,56.49697051
665,0
666,0
667,0
668,0
669,0
670,0
671,0
672,0
673,0
674,57.13887789
675,0
676,0
677,0
678,0
679,0
680,0
681,0
682,0
683,0
684,0
685,0
686,0
687,0
688,0
689,0
690,0
691,0
692,0
693,0
694,0
695,0
696,0
697,0
698,0
700,39.6977273
701,0
702,0
703,0
704,60.05066884
705,0
706,0
707,0
763,65.45186156
708,30.53170393
709,0
710,68.54488298
711,53.94513475
712,52.82943859
713,47.67244488
714,0
715,55.74043681
716,27.43870074
717,0
718,58.88934995
719,0
720,0
721,0
722,0
723,0
724,68.76649386
725,40.72512718
726,48.45020297
727,75.69541485
728,53.84579194
729,0
3481,0
730,0
731,50.94192522
732,61.1510815
733,35.8802548
734,45.463015
735,91.15609966
736,91.19430844
737,97.56187634
738,97.42717675
739,89.57425647
740,90.43777474
741,83.3997188
742,88.41270978
743,89.5789126
744,86.55541718
745,51.01857056
746,81.90957666
747,79.47185696
748,93.02267414
749,76.32320807
750,85.01212901
751,84.10575192
752,87.62560906
753,86.43475885
754,89.80350911
755,83.68246372
756,90.19450209
757,66.90856647
758,73.09936869
759,61.43805125
760,63.44208012
761,51.72925373
762,68.29270508
764,45.87566975
765,59.21007584
766,83.93590512
767,62.65309022
768,64.31566995
769,59.14934576
770,60.86491966
771,65.21307799
772,61.27965493
773,41.50526346
774,55.67166102
775,55.76336208
776,56.59631332
777,55.17389305
778,59.38673826
779,55.41948312
780,59.57688006
781,52.93591289
782,53.42498518
783,49.94849713
784,55.93912243
785,59.43522514
786,63.02961672
787,59.54603058
788,59.68358216
789,55.34306558
790,38.58856429
791,52.62378549
853,0
792,52.48504937
793,34.46201684
794,54.28086169
795,48.67181386
796,50.29684086
797,55.90855541
798,61.00560569
799,54.39577048
800,60.79927832
801,51.72639567
802,84.7459311
803,51.99133311
804,45.77292217
805,49.756943
806,42.96839825
807,81.87112187
808,42.67801157
809,0
810,45.32260535
811,37.85337344
812,49.67785874
813,0
814,56.74914841
815,0
816,30.38369505
817,0
818,59.33588233
819,43.34937737
854,0
820,47.59165975
821,0
822,0
823,0
824,0
825,51.50478478
826,0
827,38.53938492
828,87.40399818
829,0
830,0
831,0
832,0
833,0
834,54.57889012
835,0
836,0
837,0
838,0
839,0
840,0
841,0
842,0
843,37.99682035
884,0
844,0
845,59.69122391
846,0
847,0
848,0
849,0
850,0
851,0
852,0
855,0
856,0
857,0
858,0
859,43.25114317
860,0
861,0
862,0
863,44.39629775
864,0
865,0
866,0
867,0
868,0
869,0
870,0
871,0
872,0
873,0
874,0
875,0
876,0
877,43.91173883
878,0
879,0
880,0
881,0
882,0
883,0
885,0
886,50.05230471
887,0
888,0
889,0
890,0
891,0
892,0
893,52.60041375
894,0
895,0
896,0
897,0
898,0
899,0
900,0
901,0
902,42.68565333
903,0
904,0
905,0
906,0
907,0
908,0
909,0
910,38.40183334
911,0
912,0
913,0
914,0
915,0
916,0
917,0
918,0
919,0
920,0
921,0
922,0
962,0
923,63.26631976
924,0
925,0
926,0
927,0
928,52.66080973
929,0
930,0
931,0
932,0
933,0
934,0
935,0
936,0
937,0
938,0
939,0
940,0
941,0
942,0
943,0
944,62.34166746
945,0
946,0
947,68.6575776
948,0
949,0
950,0
951,41.87562735
952,0
953,0
954,0
955,0
956,0
957,0
958,0
959,55.41184137
960,0
961,37.9313734
963,0
964,0
965,0
966,0
967,0
968,0
970,51.94143087
1022,74.90507945
989,79.78982502
972,59.24087065
973,56.98655306
974,80.21437065
975,58.65245555
976,56.25883084
977,56.63503235
978,66.34996514
979,83.67482196
980,86.7620908
981,53.71588212
982,87.20531256
983,73.65947346
984,66.07561522
985,85.63875288
986,60.18080646
987,84.26789319
988,53.98334353
990,56.17652708
991,76.0865597
992,54.93856284
993,84.98156199
994,85.55469358
995,46.92236233
996,77.30924042
1753,0
1754,0
1008,92.31199097
998,75.25360845
999,75.82036179
1000,77.5996271
1001,84.43899742
1002,81.85608438
1003,35.81912076
1004,51.39301653
1005,83.91171635
1006,79.06810747
1007,48.25966937
1009,52.24889304
1010,82.4750665
1011,91.55545727
1012,76.73737233
1013,56.53393401
1014,86.96276279
1015,71.8214614
1016,87.09068624
1017,77.6836864
1018,87.83392281
1019,53.30322737
1020,56.46691375
1021,58.50726222
1037,92.81634677
1024,85.69988692
1025,61.09781701
1026,61.94524689
1027,62.72735738
1028,57.49090886
1029,89.41377963
1030,79.85860081
1031,89.00112488
1032,56.2911534
1033,84.31374371
1034,58.14634422
1035,55.60339549
1036,75.29921296
1038,69.69705364
1040,88.35157574
1041,74.511359
1042,55.27480004
1043,50.97272003
1044,55.84028988
1045,45.82959142
1046,74.37339131
1047,47.22803251
1048,75.2459667
1050,58.26097053
1051,59.27543471
1052,87.81099754
1053,60.58581945
1054,77.27993691
1055,50.74346739
1056,69.90338101
1057,82.26873913
1058,75.33625239
1059,78.47842887
1060,60.57071211
1061,49.97142239
1062,61.17725056
1064,75.87259057
1065,49.48999185
1066,58.78236538
1067,58.87406644
1068,83.38443529
1069,79.55591626
1070,50.6591803
1071,54.64053442
1072,76.89784918
1073,84.23267004
1099,70.13338689
1076,78.73060677
1314,59.19137541
1075,44.91280867
1077,60.48068155
1078,72.91498554
1079,75.19373792
1080,81.12446231
1081,77.65212012
1082,40.93145456
1083,55.43527689
1085,87.19767081
1086,58.33914362
1087,46.52521888
1088,50.57534879
1089,54.55647512
1090,96.56844825
1091,57.12234911
1092,74.33635189
1093,82.45214123
1094,81.67268227
1095,80.85501453
1096,58.40976607
1097,44.57657147
1098,54.85450354
1125,58.35442713
1315,57.78529257
2033,0
1102,74.81165019
1103,87.48805748
1104,59.47196995
1105,85.53176832
1106,50.13167144
1107,57.81010702
1108,48.01327138
1109,83.57547915
1110,55.32806453
1111,82.55148404
1112,41.04608087
1113,49.09284841
1114,63.04831108
1115,42.64320757
1116,57.15291613
1117,49.84915432
1118,52.30979928
1119,48.24438586
1120,57.91502624
1121,79.9532875
1122,61.80652596
1123,64.50024444
1124,68.24685455
1127,61.04256919
1128,53.5171965
1129,79.32792713
1765,0
1130,52.3403663
1131,81.16194822
1132,55.55754496
1133,56.59525939
1134,57.18348314
1135,59.74499866
1136,66.34307663
1137,51.20174487
1138,73.98407794
1139,50.21618633
1140,47.67733183
1141,58.60660503
1142,48.64939885
1143,83.97285039
1144,53.20388456
1145,51.44628102
1146,61.84113254
1147,51.23613277
1148,39.86160892
1149,47.67125427
1150,85.36364972
1650,62.9071573
1755,0
1155,65.40197148
1173,63.95884921
1152,67.58868262
1766,0
1153,73.53321442
1156,56.88545472
1157,77.3504409
1158,79.12697875
1159,64.868218
1160,64.26550043
1161,69.02416313
1162,48.68421197
1163,61.19900647
1164,56.34289014
1165,48.76402517
1166,49.3641307
1167,86.72388203
1168,69.10822243
1169,65.26059902
1170,69.14760055
1171,51.08555436
1172,77.47862253
1174,70.41231093
1175,52.20281472
1176,55.77151409
1177,49.20950362
1178,77.08125129
1180,55.91670743
1181,48.6417571
1182,59.30024915
1265,57.21424151
1183,45.63877536
1184,53.96041826
1185,74.20186794
1186,57.11470735
1187,63.61497026
1188,58.86619689
1189,45.34074693
1190,50.72054213
1191,69.23264089
1192,86.72853815
1193,47.51100522
1194,57.95341117
1195,38.73062925
1196,82.05178437
1197,56.25118909
1198,56.98479753
1199,59.35549697
1200,56.5433313
1201,56.57214278
1202,56.67912734
1203,65.18152994
1680,46.0218259
1756,0
1206,49.14942352
1207,73.37273757
1208,50.48364774
1209,64.58070154
1767,0
1210,53.85186951
1211,67.16838612
1212,48.16819611
1213,64.58547309
1214,57.83303228
1215,54.36543125
1216,44.58398543
1217,57.9476586
1218,71.95095512
1219,70.21627684
1220,66.83862133
1221,89.17887161
1222,76.85964041
1223,59.12066792
1224,55.62632075
1225,74.78646216
1226,49.29872019
1227,58.52995969
1228,56.64091857
1229,65.4805394
1230,64.80042325
1242,55.70862452
1231,70.68359321
1232,54.7778582
1233,53.50955474
1235,60.35481128
1236,49.57354089
1237,52.93642315
1238,52.75684192
1239,56.6027098
1240,46.48655452
1241,69.43034547
1243,43.81794814
1244,84.51740133
1245,63.2109383
1246,51.13274129
1247,55.618679
1248,81.05089676
1249,44.20976726
1250,71.27848072
1251,42.12356826
1252,57.00772279
1253,93.67986503
1254,50.42969987
1255,61.2536681
1256,52.37070552
1257,42.28195547
1828,0
1829,0
1259,61.15432529
1260,62.91957059
1261,64.59958725
1262,66.73927852
1263,78.47078712
1264,57.71840596
5885,0
1266,55.80208111
1267,50.6589525
1268,58.3354989
1269,49.63518519
1270,66.8856412
1271,82.04712824
1272,54.21259616
1273,79.31802261
1274,39.35725312
1275,55.76975855
1276,57.87888281
1277,50.9111304
1278,55.67041574
1279,71.9291992
1280,56.61799331
1281,47.79600986
1282,56.85299852
1283,51.10262986
1284,61.64986999
1746,0
1747,0
1301,39.12800048
1312,61.37691721
1313,58.31621835
1287,58.13681328
1288,50.68997511
1289,59.96319262
1290,59.33081617
1291,57.49855062
1292,68.96419844
1293,49.04677009
1294,58.91968917
1295,56.06014522
1296,48.88578298
1297,56.71370659
1298,45.18027008
1299,63.51238365
1300,48.24415807
1302,54.84321707
1303,47.17402996
1304,47.36507383
1305,83.63023494
1306,59.86191811
1307,56.42870498
1308,59.52950179
1309,58.29917931
1310,61.93665447
1311,42.62254203
1316,48.35850192
1317,47.61725173
1318,57.56557087
1319,49.80330379
1320,47.97641419
1321,61.42276774
1322,58.75921232
1323,57.97822562
1768,0
1324,55.89445644
1325,59.08016601
1326,51.4829256
1327,53.06582272
1328,68.83752634
1329,57.24480853
1330,50.49173597
1331,57.89991889
1332,56.41166593
1333,60.34528035
1334,56.6027098
1335,51.55275532
1336,37.56567778
1337,54.6940267
1338,46.59537055
1339,56.76318664
1340,57.16839098
1341,59.68426858
1342,36.20885025
1748,0
1343,48.03754823
1344,52.74104815
1345,48.71120716
1346,49.55944192
1347,39.54467353
1348,53.54843779
1349,55.6858906
1769,0
1350,56.25294463
1351,56.87017121
1352,70.84557958
1353,46.76929944
1354,89.35264559
1355,51.85460462
1356,71.3792389
1357,48.89034192
1358,50.36064161
1359,56.13656277
1360,95.06302261
1361,67.65628907
1362,39.90207742
1363,57.32103473
1364,91.18666668
1365,98.06623214
1366,97.0651623
1367,97.98217284
1368,97.78348723
1369,98.08151565
1370,91.12553264
1371,97.27148967
1372,94.99424682
1373,98.01273986
1374,91.14845791
1375,97.89047179
1376,91.56309902
1377,97.11865458
1378,96.99638651
1379,97.63829389
1380,91.02618984
1381,97.26384792
1382,95.54445314
1383,89.23236389
1384,90.10153754
1385,95.55973665
1386,96.51124747
1387,97.71471143
1388,86.83850834
1389,96.69071633
1390,87.83193644
1391,90.49126702
1392,90.87335474
1393,90.97269755
1394,87.65617608
1395,94.06959452
1396,93.79449135
1397,92.20893966
1398,97.40904125
1399,90.71486427
1400,89.50548068
1401,90.7969372
1402,95.68593798
1403,94.56630856
1404,90.78165369
1405,89.88756841
1406,95.62851244
1407,90.36334356
1408,90.58296807
1409,94.92547102
1410,95.07830612
1411,90.30022315
1412,92.14387237
1413,90.55240105
1414,86.89964238
1415,91.87270246
1416,85.02741252
1417,92.41897553
1418,90.92684703
1419,87.78608591
1420,90.86571299
1421,90.86769936
1422,91.03581796
1423,94.43269024
1424,87.57975854
1425,89.75765858
1426,61.32706965
1427,89.620107
1428,86.1736757
1429,90.32314842
1430,89.96398595
1431,89.32207857
1432,85.35600796
1433,81.98033882
1434,90.97468392
1435,91.11789089
1436,85.1468772
1437,88.5273361
1438,94.61215909
1439,95.36105103
1440,90.83713234
1441,86.44113711
1442,89.44262452
1443,97.79112898
1749,0
1444,87.77844415
1445,88.61903715
1446,83.10367674
1447,90.74344492
1448,89.18452699
1449,90.03276174
1450,84.52305672
1451,87.49768561
1452,61.18951806
1453,93.84034188
1454,92.56416887
1455,82.11590403
1456,59.21794539
1457,84.79643775
1458,88.00597466
1459,90.06332876
1460,90.49890877
1461,83.44556933
1462,86.14310868
1463,90.00983648
1464,89.2476474
1465,79.40791953
1466,90.31550666
1467,86.0055571
1468,94.52439129
1469,85.46299253
1470,85.417142
1471,88.53497785
1472,90.77401194
1473,85.90820066
1474,95.56737841
1475,60.5781777
1770,0
1476,92.00632079
1477,85.35320457
1478,89.13867646
1479,87.50334099
1480,83.19339143
1481,88.8273509
1482,89.11009581
1483,74.09671788
1484,87.46978834
1485,60.93734016
1486,88.74130523
1487,92.75521273
1488,59.70701768
1489,89.3317067
1490,87.76316064
1491,82.25544199
1492,87.08503086
1493,92.76285449
1494,88.87121505
1495,60.06618015
1496,85.87763364
1497,89.24000564
1498,82.87243773
1499,88.79678388
1500,89.89521016
2030,0
1501,59.95919558
1502,94.97896331
1503,90.01182285
1504,90.20088034
1505,83.0634816
1506,86.61689746
1507,70.00671478
1508,60.98319069
1509,89.20745225
1510,58.33150186
1511,89.89240677
1512,89.07754243
1513,89.97162771
1514,86.63416734
1515,84.73702584
1516,77.95114781
1517,76.03306741
1518,87.34286414
1519,78.08404934
1750,0
1520,58.80529065
1521,89.31443682
1522,91.84584394
1523,80.5388992
1524,83.4628392
1655,67.42154506
1525,86.37236132
1526,75.17420528
1527,59.10331907
1528,87.8548617
1529,85.68078253
1530,61.0825335
1531,93.60344749
1532,91.37969692
1533,82.45978299
1534,82.40348731
1535,83.24408031
1536,89.19033424
1537,57.3495364
1538,56.7114499
1539,89.65831577
1540,88.06883083
1541,60.37949208
1542,57.91502624
1543,88.87885681
1544,85.5084968
1545,53.73880738
1546,86.73916553
1547,82.03184473
1548,58.07168221
1549,95.82719806
1550,60.52468542
1551,78.74715378
1552,78.84523309
1553,59.58474961
1554,56.09246778
1555,79.75161625
1556,74.71104388
1557,88.50142521
1558,60.51704366
1559,86.05904938
1560,49.71160273
1561,55.21366601
1562,90.94977229
1563,87.17474554
1564,58.69830608
1565,77.71425342
1566,89.77294209
1567,88.90942383
1568,85.43242551
1569,79.15854502
1830,0
1570,79.49478222
1571,60.82271385
1572,58.69066433
1573,85.25666515
1574,88.93999084
1575,82.23817211
1576,90.39956596
1577,80.65632892
1578,87.37343116
1579,87.52626625
1580,75.59283736
1581,92.38076676
1582,60.60874472
1583,81.35371495
1584,88.94464697
1585,70.89143011
1586,76.05599268
1587,87.98477153
1588,87.46513222
1589,72.82479401
1590,82.95477491
1591,82.25345562
1592,73.96979369
1593,51.50764285
1594,88.44526317
1751,0
1595,84.30270934
1596,76.65670566
1597,90.14173268
1598,77.44380638
1656,62.68554642
1599,88.18047151
1600,80.24068854
1601,59.29436294
1602,57.23873096
1603,57.78129554
969,63.82818614
971,57.96469765
997,77.67604464
1604,79.34958889
1023,83.58312091
1605,77.57670183
1039,80.78623874
1049,89.67359928
1063,64.53103014
1606,53.23445158
1074,51.31637119
1084,79.63997556
1100,77.91958153
1101,67.67963044
1607,91.99867903
1126,48.31338945
1608,76.0878232
1151,78.46314536
1154,64.68481589
1609,52.89034483
1179,64.26451939
1610,58.65853312
1204,84.51242933
1205,45.96691521
1234,84.77523462
1258,47.84650437
1611,56.75554489
1285,57.27329502
1286,49.27551247
1,98.70443103
18,90.94213054
1612,90.64410211
1613,97.11101283
1614,94.64272611
1615,88.54991511
1616,90.52183404
1617,89.44434664
1618,90.33079017
1619,89.21509401
1620,90.44541649
1621,86.55702693
1622,87.45714421
1623,87.27408835
1624,73.16716344
1625,59.2332289
1626,56.67324113
1627,63.61172646
1628,57.57496816
1629,63.15169344
1630,72.80683163
1631,58.58367976
1632,85.29613743
1633,73.05253712
1634,63.67133275
1635,83.92234981
1636,66.01546222
1637,54.03632555
1638,63.95407767
1639,67.54381313
1640,56.68801438
1641,82.8142954
1642,80.6476879
1643,66.1530138
1644,64.45843347
1645,73.45755011
1646,66.69557838
1647,65.41365279
1648,60.68493447
1649,67.41008243
1752,0
1651,59.27143767
1652,86.39528658
1653,66.64208609
1654,80.9649908
1657,45.23383526
1658,65.71743379
1659,60.55502464
1660,63.31217029
1661,59.66880891
1662,54.95333609
1663,62.28206117
1664,47.49033968
1665,57.36931506
1666,50.97673833
1667,57.46865787
1668,55.51118418
1669,58.14877403
1670,49.26860877
1671,61.28099132
1672,54.18151888
1673,54.30378696
1674,59.1116351
1675,55.62581049
1676,54.15859362
1677,67.52852962
1678,60.77753759
1679,56.05374875
1681,89.9992091
1682,55.69458628
1683,54.49483082
1684,42.07839505
1685,56.37470244
1686,44.59663867
1687,61.86042827
1688,55.07560417
1689,44.657226
1690,54.61709889
1691,0
1692,54.09745958
1693,65.91611941
1694,63.06018374
1695,65.77281525
1696,0
1697,42.14198015
1698,60.67819478
1699,54.77757574
1700,37.94903205
1701,80.19682438
1702,39.0494447
1703,61.57160579
1704,45.20033728
1705,36.26784605
1706,54.27321994
1707,32.94562059
1708,0
1709,44.75711552
1710,0
1711,0
1712,46.04093028
1713,54.14331011
1714,0
1715,0
1716,0
1717,62.54035308
1718,0
1719,0
1720,64.29031487
1721,0
1722,0
1723,63.28160327
1724,0
1725,0
1726,0
1727,67.07002435
1728,45.50546076
1729,0
1730,0
1731,55.50354242
1732,0
1733,0
1734,63.02197496
1735,0
1736,0
1737,0
1738,0
1739,0
1740,0
1741,0
1742,0
1743,0
1744,0
1745,0
1757,0
1758,60.40218955
1759,0
1760,0
1761,0
1762,0
1763,0
1764,0
1771,0
1772,42.55982558
1773,0
1774,0
1775,0
1776,0
1777,0
1778,0
1779,0
1780,0
1781,0
1782,0
1783,0
1784,0
1785,0
1786,0
1787,0
1788,0
1789,0
1790,0
1791,0
1792,0
1793,0
1794,0
1795,0
1796,0
1797,58.10224923
1798,67.38333629
1799,0
1800,0
1801,0
1802,0
1803,0
1804,62.6549794
1805,35.78071153
1806,74.16706394
1807,0
1808,46.76635026
2031,0
1809,74.90948348
1810,47.28216869
1811,0
1812,73.57981819
1813,57.73544501
1814,48.70311893
1815,59.94391207
1816,73.97718942
1817,63.61784047
1818,61.3812362
1819,43.51958561
1820,57.59738317
1821,45.29038303
1822,51.86394725
1823,44.29861025
1824,50.81648017
1825,62.41933029
1826,55.04237043
1827,0
1831,0
1832,0
1833,0
1834,0
1835,0
1836,0
1837,0
1838,98.10444092
1839,91.05675685
1840,96.59137352
1841,96.48438895
2032,0
1842,96.981103
1843,89.99455297
1844,61.07489175
1845,88.16817364
1846,90.14738806
1847,87.66890221
1848,87.28937186
1849,88.37576451
1850,87.64853433
1851,91.19557194
1852,86.85678356
1853,92.08201546
1854,92.28070108
1855,92.12022424
1856,87.5186245
1857,80.75542571
1858,86.37362482
1859,86.55576343
1977,0
1860,65.7730066
1861,76.25825316
1862,82.5810518
1863,86.36471956
1864,67.08530786
1865,62.4946939
1866,68.97282123
1867,63.16315608
1868,75.08622487
1869,64.08016662
1870,80.78158869
1871,86.86907536
1872,73.31118743
1873,62.87659028
1874,67.60072233
1875,66.13008854
1876,67.68136471
1877,64.75889171
1878,62.04516678
1879,61.87704818
1880,80.79363448
1881,62.30727957
1882,61.24368462
1883,62.08203916
1884,57.26165623
1885,63.82798872
1886,60.40954884
1887,63.28403308
1888,54.58653188
1889,60.20350393
1890,54.26557818
1891,43.21946755
1892,73.74676744
1893,66.35511634
1894,63.3745496
1895,65.57988221
1896,53.84146081
1897,57.50568211
1898,62.26524992
1899,54.45280117
1900,59.30267896
1901,53.41734343
1902,59.16394285
1903,63.57323522
1904,45.44912863
1905,44.61519635
1906,55.61434786
1907,63.63436926
1908,45.00110496
1909,53.81853554
1910,56.8179242
1911,72.78507571
1912,47.97506261
1913,44.75768349
1914,54.89220206
1978,42.24751898
1915,44.88082022
1916,67.54570231
1917,42.80626913
1918,45.82314028
1919,45.23854605
1920,51.5500886
1921,0
1922,53.34590092
1923,0
1924,62.35083696
1925,96.23985281
1926,56.27535963
1927,65.71320896
1928,36.39011412
1929,0
1930,55.01944517
1931,47.66696869
1932,0
1933,0
1934,54.62971569
1935,35.54187937
1936,65.50728554
1937,61.14315728
1938,0
1939,82.58122189
1940,36.78178138
1941,0
1942,0
1943,51.04191193
1944,33.95433219
1979,0
1945,45.92219758
1946,0
1947,0
1948,63.51974294
1949,0
1950,0
1951,33.09845569
1952,0
1953,41.75462581
1954,0
1955,0
1956,0
1957,0
1958,0
1959,0
1960,0
1961,0
1962,0
1963,0
1964,0
1965,0
1966,0
1967,45.53657448
1968,0
1969,0
1970,0
1971,0
1972,0
1973,68.93843334
1974,74.20527271
1975,0
1976,48.53500033
1980,0
1981,0
1982,0
1983,0
1984,0
1985,0
1986,0
1987,56.99368456
1988,58.36920038
1989,0
1990,45.280029
1991,50.93874824
1992,0
1993,0
1994,0
1995,0
1996,0
1997,0
1998,0
1999,0
2000,0
2001,0
2002,0
2003,0
2004,0
2005,0
2006,0
2007,0
2008,0
2009,0
2010,0
2011,0
2012,0
2013,0
2014,0
2015,0
2016,0
2017,0
2018,0
2019,0
2020,0
2021,0
2022,0
2023,0
2024,0
2025,0
2026,0
2027,0
2028,0
2029,0
2034,0
2035,0
2036,0
2037,0
2038,0
2039,0
2040,0
2041,0
2042,0
2043,0
2044,0
2045,0
2046,0
2047,0
2048,0
2049,0
2050,0
2051,0
2052,0
2053,0
2054,0
2055,0
2056,0
2057,0
2058,0
2059,0
2060,0
2061,42.48531544
2062,0
2063,0
2064,50.88525596
2065,0
2066,0
2067,0
2068,0
2069,0
2070,0
2071,0
2072,0
2073,0
2074,0
2075,0
2076,59.02639127
2077,0
2078,66.50453451
2079,0
2080,0
2081,0
2082,0
2083,0
2084,0
2085,43.73639458
2086,0
2087,0
2088,0
2089,0
2090,0
2091,44.05789498
2092,0
2093,53.90641572
2094,0
2095,0
2096,0
2097,67.59919459
2098,0
2099,46.85607405
2100,0
2101,0
2102,0
2103,53.63628759
2104,48.99663398
2105,0
2106,0
2107,50.61397367
2108,53.42996022
2109,48.18355251
2242,0
2110,57.88063835
2111,0
2112,43.74501737
2113,60.48624885
2114,49.25374136
2115,73.51966519
2116,69.13518725
2117,88.47683552
2118,80.32748745
2119,71.30355637
2120,64.79619842
2121,68.94414339
2122,80.12116008
2123,58.10173897
2124,60.12680392
2125,49.11368404
2126,62.21418745
2127,60.73814429
2128,94.06462252
2228,0
2129,60.05038638
2130,58.85827267
2131,45.60124389
2132,50.10961787
2133,48.66914714
2134,51.80281321
2135,41.96859494
2136,44.67362419
2137,48.90658824
2138,39.15836704
2139,48.2717759
2140,59.04931653
2141,0
2142,0
2143,0
2144,64.54492258
2145,0
2146,0
2147,0
2148,0
2149,0
2150,0
2151,0
2152,0
2153,0
2154,0
2155,50.85468894
2156,0
2157,0
2158,0
2159,0
2160,0
2161,48.38640222
2162,0
2163,0
2164,39.99702227
2165,0
2166,0
2167,60.02746111
2168,70.58523144
2169,92.82929766
2170,90.65300736
2171,97.24092265
2172,69.0434862
2173,69.31094761
2174,70.07512306
2175,73.86354414
2176,51.74453724
2177,73.26748729
2178,88.51122342
2179,60.72286078
2180,60.07331164
2181,80.96175308
2182,51.46657601
2183,45.04807016
2184,51.50423808
2185,42.22841459
2186,0
2187,50.22042331
2188,80.56438184
2189,0
2190,40.02952706
2191,39.97603478
2192,0
2193,0
2194,73.65339589
2195,0
2196,0
2197,0
2198,0
2199,0
2200,0
2201,0
2202,0
2203,0
2204,0
2205,0
2206,0
2207,0
2208,0
2209,50.41910893
2210,52.14669217
2211,92.83090741
2212,73.42221156
2213,73.88453771
2214,68.18149568
2215,64.87997525
2216,75.94974313
2217,65.18182455
2218,55.09968359
2219,73.46042033
2220,64.99460157
2221,0
2222,64.9563928
2223,54.87425183
2224,65.18182455
2225,91.31956821
2226,0
2227,0
2229,0
2230,0
2231,0
2232,0
2233,0
2234,0
2235,0
2236,65.1397949
2237,0
2238,0
2239,0
2240,0
2241,55.09968359
2243,0
2244,0
2245,0
2246,0
2247,0
2248,43.97267241
2249,0
2250,0
2251,0
2252,0
2253,0
2254,0
2255,0
2256,0
2257,64.9716763
2258,80.00677978
2259,53.51737266
2260,49.18933316
2261,56.46515822
2262,77.90529728
2263,58.42320292
2264,56.92490877
2265,52.24710105
2266,34.02886056
2267,75.63104613
2268,41.53515316
2269,51.15656862
2270,41.00578246
2271,41.28523499
2272,66.11265465
2273,55.31249856
2274,55.74162134
2275,42.3528209
2276,64.25570829
2277,52.92062938
2278,62.42572676
2279,58.26861229
2280,59.99182794
2281,59.10920529
2282,40.45766577
2283,39.9991605
2284,48.075757
2285,71.77787363
2286,39.10733494
2287,53.22629957
2288,46.93067835
2289,60.76001562
2290,69.46855424
2291,47.13700572
2292,38.68268908
2293,55.97608592
2294,49.44363107
2295,45.29715613
2296,47.27455731
2297,57.4108466
2298,60.07781894
2299,47.41568071
2300,49.6728837
2301,64.24159413
2302,55.86145961
2303,57.32867648
2304,60.05678285
2305,48.7613949
2306,49.00805106
2307,52.89006237
2308,38.74598565
2309,48.35159822
2310,39.2830953
2311,60.32042338
2312,41.10435684
2313,51.00373353
2314,47.4032826
2315,47.66428679
2316,61.16294808
2317,52.74104815
2318,47.92292191
2319,44.76475727
2320,45.37131395
2574,44.83683761
2321,57.43377187
2322,47.28865628
2323,59.41847767
2324,66.57997102
2325,56.87017121
2326,52.60731745
2327,57.30575122
2328,50.57579527
2329,45.17307481
2330,50.53668443
2331,62.05703337
2332,84.27852057
2333,50.67395355
2334,57.69165982
2335,0
2336,86.19660096
2337,49.69580897
2338,51.28603197
2339,61.75325236
2340,34.21502962
2341,79.83228293
2342,57.85595754
2343,60.97954598
2344,56.91777727
2345,48.5304414
2346,45.89813942
2347,49.38249703
2348,37.21415707
2349,50.38356687
2575,38.07767534
2350,75.09612331
2351,33.48142118
2352,54.90776803
2353,68.8942533
2354,47.19695523
2355,81.29059454
2356,42.69711596
2357,47.87707138
2358,57.81774877
2359,47.21223874
2360,33.05758931
2361,48.11396577
2362,47.9076384
2363,65.91513838
2364,37.37046983
2365,52.24815498
2366,39.81290033
2367,41.98669399
2368,0
2369,41.44059404
2370,42.56338526
2371,87.14417853
2372,35.93853077
2373,54.66345968
2374,38.79578158
2375,48.43542973
2376,49.1685279
2377,86.64746448
2378,50.45998442
2379,37.53858843
2380,32.05486415
2381,48.47312824
2382,46.3440765
2383,39.11673527
2384,38.14359003
2385,52.17937919
2386,48.30619417
3083,0
2387,49.26787071
2388,37.47452344
2389,48.46548648
2390,47.64017699
2391,64.44126079
2392,45.49584174
2393,51.46920628
2394,47.74449484
2395,47.77008682
2396,47.26573102
2397,52.89770412
2398,51.6903069
2399,53.52432799
2400,0
2401,52.73077005
2402,58.11702248
2403,40.05491251
2404,51.37699497
2405,48.36614367
2406,49.5888244
2407,97.59244336
2408,40.15372683
2409,36.23021436
2410,51.53101459
2411,78.64654747
2412,32.06798209
2413,37.05422694
2442,47.37271558
2414,38.36937714
2415,37.50509045
2416,47.79419662
2417,57.78106774
2418,55.90906567
2419,55.09088768
2420,56.44347823
2421,35.45710023
2422,37.96958217
2423,48.61832157
2424,40.71408066
2425,47.65928138
2426,47.93056367
2427,32.44624894
2428,39.11695396
2429,75.58959963
2430,51.54511357
2431,57.39105579
2432,47.45677488
2433,35.75866404
2434,50.84207215
2435,47.85414612
2436,0
2437,59.02375492
2438,47.7395198
2439,37.85606446
2440,34.40607348
2441,38.87895096
2443,38.12407257
2444,0
2445,55.12909645
2446,75.98848039
2447,28.92938654
2448,36.27762604
2449,28.35847823
2450,43.3963365
2451,62.2022267
2452,47.63253524
2453,48.67945561
2454,43.51749597
2455,49.06918509
2456,48.44256122
2457,82.71960264
2458,47.31158155
2459,48.00698121
2460,40.98973053
2461,38.97994908
2462,37.08479395
2463,58.91627225
2464,29.1892062
2465,59.17033933
2466,47.60960997
2467,48.35086017
2468,47.34214856
2469,38.44830043
2470,37.49690199
2471,47.83122086
3157,0
2472,59.72994295
2473,78.42620009
2474,56.71544694
2475,43.66357923
2476,49.90213634
2477,36.83338448
2478,57.34971257
2479,34.30918174
2480,46.85040956
2481,48.08339876
2482,50.16959775
2483,51.28529391
2484,32.14057876
2485,83.07112335
2486,32.34690613
2487,49.81926157
2488,49.94034511
2489,47.62489348
2490,38.08531709
2606,38.19994341
2491,40.81750555
2492,47.42238699
2493,35.18199707
2494,42.67036982
2495,46.60905039
2496,36.12957463
2497,35.63120528
2498,32.80070061
3195,0
2499,38.79654697
2500,48.43491947
2501,0
2502,33.57557331
2503,28.42934366
2504,84.81344339
2505,57.40509403
2506,63.61595129
2507,38.13880937
2508,39.47666313
2509,85.12675533
2510,47.77772857
2511,42.47932596
2512,48.73294789
2513,54.57783619
2514,51.05604127
2515,50.76183372
2516,41.20315295
2517,42.12780525
2518,37.83912867
2519,55.99379924
2520,34.59358197
2521,66.91503888
2522,72.70408405
2523,40.17915784
2524,43.72069496
2525,33.25461962
3196,0
2526,35.54714598
2527,78.07467938
2528,67.4740563
2529,35.35610212
2530,42.86141368
2531,43.29317282
2532,39.06999483
2533,93.72953644
2534,38.23815218
2535,65.44899135
2536,59.65752244
2537,37.22095143
2538,40.85163224
2539,40.44551065
2540,42.83084667
2541,41.91383612
2542,38.62364468
2543,37.15302304
2544,49.06154334
2545,42.29592385
2546,0
2547,54.57575567
2548,86.3055719
2549,35.30426514
2550,39.80471186
2551,38.05475007
2552,38.32221148
2553,90.99562282
2554,0
2555,37.87134796
2556,37.38227567
2557,68.3834251
2558,60.71874528
2559,82.60497633
2560,61.34823937
2561,40.2861424
2562,40.86691575
2563,45.55895304
2564,49.3641307
2565,39.39205712
2566,38.24579394
2567,39.97283046
2568,37.44873099
2569,49.14942352
2570,37.08424725
2571,38.84185079
2572,59.7375847
2573,41.97497016
2576,41.48207699
2577,40.10274029
2578,42.69711596
2579,37.14538128
2580,37.44340971
2581,0
2582,41.82977682
2583,52.69137675
3233,0
2584,33.88767338
2585,37.43576796
2586,34.62486882
2587,25.07252377
2588,53.12695676
2589,53.13459851
2590,60.31373229
2591,38.23051043
2592,38.03946656
2593,33.07741352
2594,37.45704095
2595,41.34834628
2596,59.34852949
2597,53.41420897
2598,0
2599,56.36060346
2600,25.6116532
2601,37.46760151
2602,40.5727082
2603,27.57224617
2604,37.94776551
2605,0
2607,47.70131103
2608,38.1846599
2609,56.54732834
2610,37.70594164
2611,29.39026696
2612,57.29604412
2613,39.46736606
2614,56.81820667
2615,90.93448878
2616,97.99745635
2617,96.19400228
2618,91.14081615
2619,85.14203883
2620,57.46034185
2621,91.01090633
2622,97.86754653
2623,85.74008206
2624,87.82429468
2625,90.98033931
2626,82.85715423
2627,90.40720772
2628,61.64038158
2629,94.78027769
2630,91.07204036
2631,90.74172279
2839,60.23829578
2632,91.03383159
2633,81.76438332
2634,89.75001683
2635,90.3404183
2636,61.13602578
2637,87.90555059
2638,91.0091842
2639,85.53941007
2640,90.4244776
2641,85.59488872
2642,85.63111113
2643,94.51281628
2644,76.5040528
2645,60.70044577
2646,90.67466913
2647,91.50196499
2648,90.59825158
2649,89.46727191
2650,89.97926946
2651,90.39192421
2652,90.47598351
2653,91.11223551
2654,88.31535334
2655,59.57710785
2656,87.70202661
2657,89.78257021
2658,82.99470581
2659,47.48785216
2660,58.10989098
2661,61.30414438
2662,60.23429875
2663,85.03505427
2664,96.41561316
2665,87.33522239
2666,91.28035411
2667,87.80136942
2668,91.69300885
2669,89.85700139
2670,89.55133121
2671,92.29670746
2672,60.59346121
2673,86.31886903
2674,89.69851091
2675,85.19553112
2676,90.62709647
2677,89.7041663
2678,83.32330125
2679,97.18264061
2680,85.45535077
2681,87.57211678
2682,89.53039231
2683,71.18055328
2684,88.28279995
2685,58.03347344
2686,74.81802844
2790,50.0931802
2687,59.95155383
2688,93.0303159
2689,85.6693199
2690,51.83623829
2691,70.51472137
2692,90.35091204
2693,84.92806971
2694,74.30603089
2695,67.42703643
2696,87.53390801
2697,92.67879519
2698,86.68268762
2699,42.27640336
2700,89.43670489
2701,87.45749046
2702,83.39207704
2703,85.7533792
2704,56.2070941
2705,60.4100591
2706,85.01678513
2707,48.92450202
2708,70.15655817
2709,91.44847271
2710,87.4774301
3049,30.96258529
2711,76.0054921
2712,51.6678919
2713,85.93379568
2714,82.48270825
2715,82.78073668
2716,74.68711935
2717,58.01818993
2718,58.15574151
2719,70.85860033
2720,87.26346097
2721,60.39477559
2722,81.62982345
2723,82.10062053
2724,83.5211577
2725,77.49122717
2726,51.23253968
2727,52.73796533
2728,58.44612818
2729,79.5342545
2730,71.16653327
2731,51.33929645
2732,56.19945234
2733,82.51991777
2734,63.38858784
2735,55.60163995
2736,78.76017453
3082,0
2737,49.76323317
2738,74.79103628
2739,88.12232311
2740,60.41770085
2741,43.98051462
2742,67.73270661
2743,86.73617991
2744,85.99027359
2745,86.67165325
2746,56.36757095
2747,86.06669113
2748,68.45867329
2749,84.31672934
2750,47.9007347
2751,37.89003625
2752,57.59209833
2753,83.70438972
2754,71.67692108
2755,52.16460594
2756,97.60008512
2757,62.2535686
2758,55.39127302
2759,88.13887012
2760,53.61497512
2761,51.46988055
2762,55.77915584
2763,55.7027383
2764,71.75343885
2765,71.31021709
2766,68.96302909
2767,60.72736808
2768,46.85381433
2769,70.40182933
2770,86.9302094
2771,69.52968828
2772,49.06228139
2773,67.75066899
2774,62.8747011
2775,42.31461213
2776,59.08628003
2777,57.93237509
2778,59.31553266
2779,67.78237802
2780,41.0669165
2781,80.15323662
2782,68.61150839
2783,69.45614095
2784,60.66623404
2785,53.65474808
2786,51.79780173
2787,51.37773302
2788,50.36856583
2789,57.17584139
2791,52.87928616
2792,61.73185484
2793,65.17271884
2794,51.36171146
2795,59.63648635
2796,68.48159856
2797,50.13138897
2798,56.68447596
2799,48.97058034
2800,63.99610732
2801,57.98586737
2802,66.6057665
2803,57.80057608
2804,82.61261808
2805,55.38942636
2806,63.58538428
2807,59.17798108
2808,86.36173393
2809,58.21512001
2810,40.06029454
2811,51.59911611
2812,82.45114197
2813,46.38228527
2814,72.08301533
2815,58.37559685
2816,43.24916591
3277,0
2817,70.78176668
2818,62.63016496
2819,43.57594811
2820,48.33557666
2821,56.94047474
2822,84.62705565
2823,54.17438739
2824,49.74165949
2825,51.06486756
2826,80.57891211
2827,69.19443211
2828,55.84388296
2829,41.02029754
2830,47.93130172
2831,59.53102953
2832,47.96186874
2833,63.7993534
2834,47.04530467
2835,51.48516406
2836,59.43397986
2837,47.47070681
2838,62.08337555
2840,62.08309309
2841,58.93344493
2842,61.59852809
2843,48.42037401
2844,65.01439238
2845,45.09258733
2846,58.76343716
2847,49.08828948
2848,59.95132603
2849,38.10878906
2850,51.02165338
2851,51.07514566
2852,48.30500964
2853,68.53509084
2854,41.22607821
2855,49.4207058
2856,42.8976452
2857,49.40542229
2858,57.61161275
2859,58.81270461
2860,57.93048591
2861,47.25808926
2862,44.78289885
2863,49.02333457
2864,64.69532786
2865,43.04613093
2866,54.99918662
2951,40.92804978
2867,45.66755039
2868,44.6628905
2869,56.99396702
2870,50.61281951
2871,83.39506875
2872,49.4823501
2873,43.18421099
2874,57.91709158
2875,47.15874646
2876,49.89449458
2877,24.98379013
2878,64.44697084
2879,60.38713384
2880,41.64615603
2881,56.2295091
2882,78.95985941
2883,46.81602166
2884,57.16055788
2885,61.08841972
2886,59.65960296
2887,59.43397986
2888,81.635737
2889,60.92794287
2890,50.40649214
2891,67.5820219
2892,68.07011316
2893,45.5014212
2894,51.07514566
2895,40.80918648
2896,67.88057881
2897,72.95319431
2898,26.8172068
2899,52.25961762
2900,72.42591325
2901,50.597536
2902,49.22413412
2903,42.85179467
2904,40.8745575
2905,51.4660293
2906,40.89038772
2907,49.20673667
2908,48.6641721
2909,59.63773163
2910,52.98176342
2911,37.06896374
2912,38.30060135
2913,38.02549819
2914,45.5014212
2915,61.42641246
2916,59.50657653
2917,32.48731578
2918,37.39755918
2919,95.98767491
2920,53.02025466
2921,49.97973842
2922,51.17881961
2923,50.87263917
2924,53.31035887
2925,56.29064314
2926,36.64443025
2927,43.18421099
2928,40.61814262
2929,54.12156938
2930,61.01375771
2931,72.84238887
2932,48.62596333
2933,51.75144094
2934,50.54404372
2935,83.60604617
2936,38.00779094
2937,51.3540697
2938,38.52853886
2939,61.6978709
2940,43.23640636
2941,69.40625086
2942,42.04941044
2943,62.65650714
2944,51.34642795
2945,39.35793043
2946,74.58777655
2947,55.53028856
2948,50.43323828
2949,49.52769037
2950,38.89942516
3111,0
2952,51.04913758
2953,51.81639585
2954,55.06083092
2955,57.72415854
2956,54.02104204
2957,55.1367382
2958,57.14546572
2959,41.05031786
2960,44.31223845
2961,50.06261318
2962,40.22500836
2963,69.60610582
2964,37.06132198
2965,43.42690352
2966,51.17066759
2967,32.10453556
2968,38.1247924
2969,50.50583495
2970,66.98174022
2971,37.8828106
2972,37.63445357
2973,44.5731667
2974,45.89901112
2975,43.78877826
2976,43.75126198
2977,46.81602166
2978,40.50775328
2979,45.56659479
2980,0
2981,46.76307609
2982,83.69010547
2983,0
2984,76.66633378
2985,39.63659326
2986,41.98261191
2987,39.60602625
2988,40.54325585
2989,42.54810175
2990,54.50247258
2991,52.40863183
2992,56.84113193
2993,39.8658459
2994,41.92911963
2995,48.81700719
2996,0
2997,0
2998,58.19395028
2999,41.35598804
3000,0
3001,40.29378416
3002,40.54596206
3003,35.93687546
3004,61.90990833
3005,57.49832282
3006,45.49836571
3007,41.55085278
3008,31.46882419
3009,54.76993398
3010,68.86201579
3011,0
3012,36.47944004
3013,0
3014,0
3015,42.4569474
3016,38.44956697
3017,0
3018,80.32009172
3019,39.65187677
3020,30.92625962
3021,53.07420253
3022,30.25363336
3023,32.72207194
3024,0
3025,45.05261998
3026,33.21114423
3027,52.18702095
3028,48.75661121
3029,37.99250744
3030,0
3031,60.34869727
3032,0
3033,0
3034,81.78730859
3035,52.73009578
3036,0
3037,0
3038,26.39663695
3039,0
3040,35.6011303
3041,87.23786595
3042,30.34930715
3113,0
3043,36.82187325
3044,0
3045,33.27992002
3046,0
3047,0
3048,0
3050,43.25878492
3051,49.22320472
3052,0
3053,37.78091345
3054,50.78093811
3055,52.51561639
3056,0
3057,27.26015521
3058,39.87348766
3059,0
3060,0
3061,28.35674699
3062,86.92256764
3063,0
3064,0
3065,63.98617243
3066,0
3067,0
3068,0
3069,0
3070,58.11959808
3071,0
3072,0
3073,0
3074,33.02010037
3075,0
3112,0
3076,72.12886586
3077,0
3078,0
3079,0
3080,41.9915202
3081,67.47310564
3278,0
3084,55.04503715
3085,0
3086,39.54107133
3087,0
3088,0
3089,0
3090,0
3091,0
3092,0
3093,0
3094,0
3095,96.72413533
3096,0
3097,0
3098,0
3099,0
3100,0
3101,0
3102,0
3103,0
3104,0
3105,0
3106,0
3107,66.47945887
3108,0
3109,0
3110,0
3429,0
3114,0
3115,0
3116,0
3117,0
3118,0
3119,0
3120,0
3121,0
3122,0
3279,0
3123,0
3124,0
3125,0
3126,0
3127,95.96474964
3128,0
3129,0
3130,0
3131,53.22680983
3132,0
3133,0
3134,0
3135,0
3136,0
3137,0
3138,0
3139,0
3140,0
3141,0
3142,0
3143,0
3144,0
3145,0
3146,0
3147,0
3148,0
3149,0
3150,37.78091345
3151,0
3152,44.66827253
3153,0
3154,58.77872067
3155,0
3156,63.3366233
3158,0
3159,0
3160,0
3161,0
3162,0
3163,0
3164,0
3165,0
3166,0
3167,27.79125715
3168,0
3169,60.48665281
3170,48.90870825
3171,0
3172,0
3173,0
3174,0
3175,49.6232123
3176,0
3177,44.38597409
3178,0
3179,0
3180,51.76672445
3181,0
3182,0
3183,58.80353511
3184,0
3185,89.69652454
3186,0
3187,0
3188,48.94556544
3189,0
3190,0
3191,0
3192,0
3193,0
3194,0
3197,0
3198,0
3199,55.84388296
3200,57.15467166
3201,0
3202,0
3203,0
3204,0
3205,47.1854926
3206,0
3207,46.43351783
3208,0
3209,0
3210,42.14435529
3211,0
3212,39.03726224
3213,51.71111216
3214,0
3215,0
3216,57.44141362
3217,0
3218,57.04004535
3219,38.73464755
3220,0
3221,45.33101554
3222,0
3223,0
3224,0
3225,0
3226,0
3227,0
3228,0
3229,48.89342474
3230,0
3231,0
3232,56.68447596
3234,39.16280448
3235,0
3236,0
3237,42.47508897
3238,0
3239,0
3240,0
3241,0
3242,0
3243,0
3244,0
3245,0
3246,0
3247,0
3248,0
3249,0
3250,0
3251,0
3252,0
3253,0
3254,0
3255,0
3256,0
3257,0
3258,0
3259,0
3260,0
3261,0
3262,0
3263,0
3264,0
3265,0
3266,0
3267,0
3268,0
3269,0
3270,0
3271,0
3272,49.20406996
3273,0
3274,0
3275,0
3276,0
3280,0
3281,0
3282,0
3283,0
3284,0
3285,0
3286,0
3287,0
3288,0
3289,0
3290,0
3291,0
3292,0
3293,0
3294,0
3295,0
3296,0
3297,0
3298,0
3299,0
3300,0
3301,0
3302,0
3303,0
3304,0
3305,0
3306,0
3307,0
3308,0
3309,0
3310,0
3311,0
3312,0
3313,0
3314,58.20159204
3315,0
3316,0
3317,0
3318,0
3319,0
3320,0
3321,0
3322,0
3324,0
3325,57.94177238
3326,0
3327,0
3328,0
3329,0
3330,0
3331,0
3332,0
3333,0
3334,0
3335,0
3336,0
3337,0
3338,0
3339,0
3340,0
3341,0
3342,0
3343,49.6232123
3344,0
3345,46.81602166
3346,0
3430,0
3347,0
3348,0
3349,0
3350,0
3351,0
3352,0
3353,0
3354,0
3355,0
3356,0
3357,0
3358,0
3359,0
3360,56.5057968
3361,0
3362,0
3363,0
3364,0
3365,0
3366,0
3367,0
3368,0
3369,0
3370,0
3371,0
3372,0
3373,0
3374,0
3375,0
3376,0
3377,0
3378,0
3379,0
3380,0
3381,0
3382,0
3383,0
3384,0
3385,0
3386,0
3387,0
3388,0
3389,0
3390,0
3391,0
3392,0
3393,48.06165803
3394,0
3395,0
3396,0
3397,0
3398,0
3399,53.89231674
3400,0
3401,0
3402,0
3403,0
3404,0
3405,0
3406,0
3407,0
3408,0
3409,0
3410,0
3411,0
3412,0
3413,0
3414,0
3415,0
3416,0
3417,0
3418,0
3419,0
3420,0
3421,0
3422,58.92599453
3423,0
3424,52.1003253
3425,0
3426,0
3427,60.44011586
3428,0
3431,35.5440176
3432,51.02665879
3433,0
3434,0
3435,0
3436,81.65739876
3437,52.53854166
3438,0
3439,39.54107133
3440,0
3441,0
3442,0
3443,37.03839672
3479,0
3444,39.07165014
3445,55.47348566
3446,53.7077301
3447,50.52140092
3448,60.44011586
3449,0
3450,55.70633138
3451,0
3452,0
3453,0
3454,69.04159702
3455,0
3456,35.07883338
3457,0
3458,0
3459,52.256307
3460,39.92697994
3461,0
3462,0
3463,0
3464,41.17390106
3465,0
3466,51.04126803
3467,0
3468,0
3469,0
3470,59.57014037
3471,0
3472,0
3473,0
3474,0
3475,0
3476,0
3477,0
3478,0
3482,0
3483,0
3484,59.96632708
3485,66.14114722
3486,0
3487,47.1854926
3488,54.07504458
3489,89.12721383
3490,70.58449642
3491,39.54107133
3492,0
3493,0
3494,0
3495,55.27046891
3496,67.44231994
3497,49.6232123
3498,0
3499,0
3500,0
3501,0
3502,0
3503,0
3504,0
3505,0
3506,0
3507,0
3508,0
3509,0
3510,0
3511,0
3512,50.55168547
3513,0
3514,0
3515,0
3516,45.61585009
3517,57.26372157
3518,40.96625856
3519,46.81602166
3520,0
3521,61.31178614
3522,33.63512493
3523,57.88041055
3524,40.35109731
3525,81.45871314
3526,63.3986594
3527,46.76307609
3528,0
3529,78.91527238
3530,88.83300628
3531,46.46634457
3532,51.15612214
3533,44.74870837
3534,56.2295091
3535,0
3536,0
3537,79.93926749
3538,56.53412535
3539,37.8828106
3540,27.57679599
3541,67.80647263
3542,0
3543,26.41192046
3544,0
3570,70.49138
3545,48.51380631
3546,0
3547,94.7115019
3548,49.55825738
3549,91.01854808
3550,95.68200473
3551,96.55316474
3552,99.3310549
3553,94.94839629
3554,98.52102892
3555,97.79877073
3556,93.90911767
3557,97.08044581
3558,61.55632228
3559,86.11254166
3987,0
3560,96.26563006
3561,86.63982273
3562,89.42906314
3563,88.71837996
3564,90.65174386
3565,90.0404035
3566,58.72123135
3567,91.00326457
3568,84.89112444
3569,87.0142687
3571,88.9476326
3572,75.91744184
3573,60.76157981
3574,83.52962863
3575,81.43478862
3576,90.01747824
3577,56.61974885
3578,89.4519884
3579,84.53196197
3580,59.20090634
3581,84.95099497
3582,87.4345652
3583,71.80693113
3584,87.11361151
3585,63.90077674
3586,81.18360998
3587,60.01268786
3588,51.05677933
3589,88.22632204
3590,61.00611595
3591,58.8969917
3592,58.99457897
3593,87.65319045
3594,86.18131745
3595,83.34622652
3596,85.96097007
3597,87.15481198
3598,71.12564563
3599,58.23980081
3600,61.141912
3601,72.60050426
3602,92.17974852
3603,51.64519443
3604,69.63285196
3605,65.32195174
3606,60.24935446
3607,79.45557419
3608,59.82905796
3609,64.32663447
3610,53.8532059
3611,52.92900919
3612,71.4248434
3613,64.95533887
3614,70.87750729
3615,48.39744875
3616,80.29716645
3617,56.43634674
3618,81.24600752
3619,64.95667526
3620,69.31858936
3621,90.15629332
3836,0
3622,64.6724026
3623,48.55583596
3624,84.87584093
3625,54.67110144
3626,59.53733489
3627,73.20253237
3628,57.19131625
3629,69.59729472
3630,80.95734905
3631,58.93469021
3632,67.70235828
3633,66.02859535
3634,65.4381058
3635,89.39551049
3636,51.21651812
3637,52.2718183
3638,44.25561778
3639,58.38342995
3640,60.43887058
3641,72.48802832
3642,62.44865203
3643,65.68130555
3644,60.26311023
3645,65.98697573
3646,37.97477286
3647,58.04178946
3675,59.82113374
3648,61.80034817
3649,72.63322166
3650,59.3766667
3651,70.83740934
3652,63.68904607
3653,66.64397527
3654,60.33188602
3655,59.34734496
3656,56.19922455
3657,51.7743662
3658,56.0234642
3659,75.18556768
3660,48.44044121
3661,59.69937593
3662,72.26066486
3663,51.91310232
3664,57.51207859
3665,62.56452362
3666,62.9389696
3667,38.78479884
3668,50.11610547
3669,53.92670464
3670,46.30074994
3671,57.42954703
3672,74.08515502
3673,56.35296171
3674,39.84700272
3834,0
3676,45.19692947
3677,49.31372124
3678,54.27440447
3679,38.48616599
3680,74.71942065
3681,49.68550049
3682,40.454261
3683,51.09425005
3684,57.84574019
3685,49.15439855
3686,41.54757861
3687,38.6742789
3688,40.43786889
3689,51.31586093
3690,58.88883969
3691,60.24143024
3692,80.52941079
3693,53.67767334
3694,38.65517451
3695,51.57301387
3696,60.24907199
3697,49.73135102
3698,44.24457126
3699,50.81914688
3700,52.09531989
3701,59.67488647
3702,57.10949541
3703,51.95012656
3704,59.90519304
3705,51.60743213
3706,52.30164727
3707,48.41675056
3708,41.56709606
3709,50.92613145
3710,51.82785848
3711,60.23378849
3712,58.06353019
3713,42.37365653
3714,37.21823916
3715,53.98311573
3716,39.24686378
3717,36.6221823
3718,40.40841047
3719,31.94261297
3720,51.32138267
3721,0
3722,48.54687907
3723,47.09112482
3724,39.09402869
3725,41.05795961
3726,40.07981503
3727,84.63130478
3728,63.16940676
3729,36.53048125
3730,43.80134949
3837,0
3731,60.42483235
3732,58.75892986
3733,49.51738189
3734,51.67502339
3735,50.18985629
3736,40.92095474
3737,50.29738756
3738,43.89305055
3739,95.29227524
3740,60.27227972
3741,43.77460335
3742,47.27337277
3743,85.34072445
3744,54.6937989
3745,0
3746,62.97717837
3747,0
3748,61.38663949
3749,38.34513675
3750,38.88770132
3751,27.30600574
3752,32.93604107
3753,30.37034931
3754,47.08306697
3755,0
3756,0
3757,72.73041409
3758,47.78270361
3759,88.56255924
3760,50.6216458
3838,0
3761,37.69393534
3762,0
3763,0
3764,0
3765,0
3766,0
3767,42.0857756
3768,39.98938051
3769,0
3770,0
3771,0
3772,0
3773,0
3774,0
3775,0
3776,0
3777,0
3778,0
3779,0
3780,0
3781,0
3782,0
3783,29.98826158
3784,0
3785,0
3786,0
3787,0
3788,47.76359923
3789,0
3790,0
3791,0
3792,42.70857859
3793,0
3794,0
3795,47.17136325
3835,0
3796,0
3797,0
3798,0
3799,0
3800,0
3801,42.75825
3802,42.75825
3803,0
3804,0
3805,0
3806,0
3807,0
3808,0
3809,40.96060013
3810,41.7992098
3811,0
3812,0
3813,0
3814,0
3815,0
3816,0
3817,0
3818,0
3819,0
3820,0
3821,0
3822,0
3823,0
3824,0
3825,0
3826,0
3827,0
3828,0
3829,0
3830,0
3831,0
3832,0
3833,0
3839,39.39714454
3840,0
3841,0
3842,0
3843,0
3844,0
3845,0
3846,0
3847,0
3848,41.48207699
3849,0
3850,0
3851,0
3852,34.60958531
3853,0
3854,0
3855,60.50243443
3856,60.93558463
3857,0
3858,33.89890214
3859,36.86318307
3860,0
3861,0
3862,0
3863,57.94941414
3864,0
3865,44.31901154
3866,47.76359923
3867,53.27215009
3868,0
3869,0
3870,42.0857756
3871,36.43053402
3872,33.68774855
3873,40.79813996
3874,89.43104951
3875,90.98232568
3876,77.63318582
3877,30.1398757
3878,48.80801386
3879,50.12374722
3880,0
3881,57.08225116
3882,0
3883,38.49797184
3884,39.20865501
3885,85.60054411
3886,0
3887,29.59659433
3888,29.42847573
3889,38.39752043
3890,38.39153398
3891,0
3892,29.64244486
3893,40.41605223
3894,0
3895,59.25250945
3896,57.21216098
3897,32.47516065
3898,27.29072223
3899,0
3900,0
3901,42.56393196
3902,0
3934,0
3903,0
3904,0
3905,53.29243901
3906,0
3907,39.29402944
3908,0
3909,32.79069587
3910,0
3911,0
3912,54.38784626
3913,77.16404709
3914,48.84757421
3915,0
3916,0
3917,0
3918,30.09906703
3988,0
3919,0
3920,0
3921,0
3922,0
3923,59.63459718
3924,39.21629676
3925,0
3926,48.54954578
3927,0
3928,0
3929,50.63574477
3930,48.38142718
3931,0
3932,0
3933,31.37712314
3935,48.20566683
3936,43.76116346
3937,0
3938,0
3939,0
3940,0
3941,0
3942,49.07682685
3943,0
3944,30.22897685
3945,50.02058353
3946,0
3947,0
3948,0
3949,50.08553845
4023,0
3950,0
3951,0
3952,0
3953,0
3954,0
3955,0
3956,0
3957,0
3958,0
3959,0
3960,0
3961,0
3962,0
3963,0
3964,0
3965,0
3966,0
3967,0
3968,0
3969,0
3970,0
3971,0
3972,0
3973,0
3974,0
3975,0
3976,0
3977,0
3978,0
3979,0
3980,0
3981,0
3982,45.89859501
3983,0
3984,0
3985,0
3986,0
3989,0
3990,0
3991,29.77999644
3992,0
3993,0
3994,28.6738798
3995,0
3996,0
3997,0
3998,0
3999,0
4000,54.81855146
4001,0
4002,53.31086913
4003,40.0192277
4004,0
4005,0
4006,0
4007,41.93676138
4008,0
4009,35.63884704
4010,35.30260984
4011,45.72707164
4012,60.34892506
4013,0
4014,45.67336067
4015,0
4016,0
4017,0
4018,45.86847447
4019,0
4020,0
4021,0
4022,88.64960417
4024,45.76868518
4025,49.95681315
4026,0
4027,57.47539756
4028,0
4029,0
4030,0
4031,0
4032,65.7343878
4033,35.36833014
4034,55.75623058
4035,40.90852929
4036,0
4037,0
4038,0
4039,0
4040,0
4041,0
4042,0
4043,0
4044,0
4045,0
4046,0
4047,0
4048,0
4049,0
4050,0
4051,0
4052,0
4053,0
4054,0
4055,0
4056,0
4057,0
4058,0
4059,0
4060,0
4061,0
4062,0
4063,0
4064,0
4065,0
4066,0
4067,0
4068,0
4069,0
4070,0
4071,0
4072,0
4073,0
4074,0
4075,0
4076,51.41594179
4077,0
4078,0
4079,0
4080,0
4081,0
4082,0
4083,0
4084,0
4085,0
4086,0
4087,0
4088,0
4089,0
4090,0
4091,0
4092,0
4093,0
4094,0
4095,0
4096,0
4097,0
4098,0
4099,0
4100,0
4101,0
4102,0
4103,0
4104,0
4105,0
4106,0
4107,0
4108,0
4109,0
4110,0
4111,0
4112,0
4113,0
4114,0
4115,0
4116,0
4117,0
4118,0
4119,0
4120,0
4121,0
4122,0
4123,0
4124,0
4125,0
4126,0
4127,0
4128,0
4129,0
4130,0
4131,0
4132,0
4133,0
4134,0
4135,0
4136,0
4137,0
4138,0
4139,0
4140,0
4141,0
4142,0
4143,0
4144,0
4145,0
4146,0
4147,0
4148,0
4149,0
4150,0
4151,0
4152,0
4153,0
4154,0
4155,0
4156,0
4157,0
4158,0
4159,0
4160,0
4161,0
4162,0
4163,0
4164,44.28595701
4165,30.22897685
4166,70.41231093
4167,49.57405115
4168,0
4169,47.28893875
4170,38.30692797
4171,0
4172,0
4173,0
4174,50.27709257
4175,84.69881707
4176,0
4177,46.16605642
4178,26.96212678
4207,0
4179,53.29243901
4180,38.32787598
4181,38.0165413
4182,44.54600446
4183,0
4184,0
4185,28.93160982
4186,65.7343878
4187,37.81785568
4188,50.69687881
4189,0
4190,50.02058353
4224,0
4191,55.44135445
4192,66.96205875
4193,58.42908913
4194,35.17435532
4195,40.07271998
4196,49.74981151
4197,29.36338414
4198,66.81569607
4199,42.30488074
4200,0
4201,60.78850211
4202,47.9916977
4203,57.39556309
4204,84.63004128
4205,43.54895291
4206,85.97499008
4208,39.95754696
4209,40.06453152
4210,0
4211,0
4212,66.16254474
4213,0
4214,0
4215,0
4216,0
4217,55.00682838
4218,0
4219,0
4220,0
4221,0
4222,0
4223,0
4225,0
4226,0
4227,0
4228,0
4229,0
4230,37.01867577
4231,60.46332359
4232,35.90104183
4233,0
4234,42.34941613
4235,40.7064389
4236,44.89752516
4237,43.84067294
4238,65.447822
4239,0
4240,37.48815164
4241,47.92789695
4242,44.0688109
4243,44.12994494
4244,41.14201891
4245,0
4246,40.43188244
4247,31.30264337
4248,31.97389679
4249,32.9971751
4250,65.59184296
4251,33.97531968
4252,0
4253,87.21494069
4254,51.70559041
4287,0
4255,79.17358252
4256,58.23193126
4257,32.43932702
4258,30.9797519
4259,49.67021698
4260,48.4398945
4261,39.32981448
4262,0
4263,0
4264,0
4265,59.92047655
4266,0
4267,0
4268,0
4269,42.36469964
4270,0
4271,0
4687,0
4272,0
4273,82.08533702
4274,0
4275,0
4276,0
4277,0
4278,0
4279,0
4280,0
4281,0
4282,0
4283,0
4284,0
4285,0
4286,0
4288,78.28638575
4289,0
4290,0
4291,0
4292,0
4293,0
4294,0
4295,81.03968014
4296,0
4297,45.39847619
4298,87.54154976
4299,88.68781294
4300,0
4301,0
4302,0
4303,55.58811198
4304,55.37363259
4305,0
4306,50.65402606
4307,80.53532434
4308,0
4309,0
4310,0
4311,0
4312,0
4313,0
4314,0
4315,0
4316,0
4317,0
4318,0
4319,0
4320,0
4321,0
4322,0
4323,0
4324,0
4325,0
4326,0
4327,0
4328,0
4329,0
4330,0
4331,0
4332,0
4333,0
4334,0
4335,0
4336,0
4337,0
4338,0
4339,0
4340,0
4341,0
4342,0
4343,0
4344,0
4345,0
4346,0
4347,0
4348,0
4349,0
4350,0
4351,0
4352,0
4353,0
4354,0
4355,88.8635733
4356,0
4357,0
4358,0
4359,0
4360,0
4361,0
4362,0
4363,0
4364,0
4365,0
4366,0
4367,0
4368,0
4369,0
4370,0
4371,0
4372,0
4373,0
4374,0
4375,50.94141496
4376,52.5308999
4377,55.37257866
4378,82.88898474
4379,45.72074502
4380,87.90835398
4381,72.76139721
4382,0
4383,0
4384,0
4385,77.71551692
4386,40.11038205
4387,0
4388,49.95636667
4389,54.78640203
4390,48.73006249
4391,51.02165338
4392,38.41391254
4393,27.40534855
4394,60.31835805
4395,29.34994425
4396,0
4397,0
4398,52.95912062
4399,41.9170131
4400,41.89855261
4401,0
4402,0
4403,0
4404,0
4405,0
4406,0
4407,0
4408,0
4409,0
4410,48.02226472
4411,0
4412,0
4413,0
4840,0
4414,81.38993735
4415,0
4416,0
4417,0
4418,0
4419,0
4420,0
4421,0
4422,0
4423,0
4424,0
4425,0
4426,0
4427,0
4428,0
4773,0
4429,0
4430,83.10169037
4431,0
4432,0
4433,0
4434,0
4435,0
4436,0
4437,0
4438,0
4439,0
4440,53.80825744
4441,37.72615463
4442,0
4443,38.48268833
4444,54.10628587
4445,88.78715575
4446,86.09160277
4447,56.0142947
4448,82.62025983
4449,52.55382517
4450,0
4451,0
4452,0
4453,0
4454,0
4455,0
4456,0
4457,0
4458,0
4459,0
4460,0
4461,0
4462,0
4463,0
4464,0
4465,0
4466,0
4467,0
4468,0
4469,0
4470,0
4471,0
4472,0
4473,0
4474,0
4475,0
4476,0
4477,0
4478,0
4479,0
4480,0
4481,0
4482,0
4483,0
4484,0
4485,0
4486,0
4487,0
4488,0
4489,0
4490,0
4491,0
4492,0
4493,0
4494,0
4495,0
4496,0
4497,0
4498,0
4499,0
4500,0
4501,0
4502,0
4503,0
4504,0
4505,0
4506,0
4507,0
4508,0
4509,0
4510,0
4511,0
4512,0
4513,0
4514,0
4515,0
4516,0
4517,79.34194713
4518,0
4519,0
4520,89.31642319
4521,48.19802507
4522,76.24065829
4523,0
4524,48.46576895
4525,84.88604006
4526,0
4527,84.88604006
4528,30.31079162
4529,94.81848646
4530,55.38178461
4531,47.28101453
4532,37.0771522
4533,39.7817866
4534,59.8810225
4562,0
4535,52.82128658
4536,0
4537,37.73379638
4538,27.19137942
4539,29.56602731
4540,43.70548435
4541,0
4542,39.99575573
4543,27.51233311
4544,0
4545,34.74713689
4546,47.42238699
4547,41.70327176
4548,28.10630033
4549,47.4873419
4550,28.66414841
4551,33.8108701
4583,55.81560908
4552,91.87641096
4553,29.44375924
4554,31.54977941
4555,65.77758679
4556,0
4557,47.00327502
4558,39.62873283
4559,30.33784452
4560,0
4561,30.79064581
4563,30.20173868
4564,0
4565,27.1608124
4566,27.21430468
4567,0
4568,0
4569,59.46248154
4570,28.97379133
4571,56.52629225
4572,29.31384941
4573,56.51276428
4574,33.04302563
4575,30.58238067
4576,33.53561203
4577,0
4578,81.6085626
4579,56.6271628
4580,32.95414012
4581,0
4582,43.22057615
4584,0
4585,51.47633777
4586,48.98512579
4587,58.01643439
4588,56.32760663
4589,38.49033008
4590,31.82228268
4591,50.35373791
4592,49.78751002
4593,0
4594,45.06737501
4595,56.80903717
4596,54.96980414
4597,0
4598,0
4599,0
4600,57.20640841
4601,34.54607614
4602,59.69762039
4603,0
4604,0
4605,47.21988049
4606,0
4607,56.21298032
4608,0
4609,0
4610,0
4611,57.23697543
4612,31.80699917
4613,0
4614,0
4615,38.81892553
4616,0
4617,47.33450681
4618,57.82539053
4619,58.97929546
4620,0
4621,67.0040884
4622,0
4623,0
4624,0
4625,0
4626,0
4627,0
4628,0
4629,0
4630,0
4631,0
4632,0
4633,0
4634,37.15356974
4635,0
4636,0
4637,79.08212748
4638,48.50369526
4639,38.16173464
4640,50.52111846
4641,0
4642,0
4643,0
4644,0
4645,0
4646,0
4647,0
4648,0
4649,0
4650,0
4651,0
4652,26.52654677
4653,0
4654,0
4655,0
4656,0
4657,0
4658,0
4659,0
4660,0
4661,0
4662,0
4663,0
4664,0
4665,0
4666,0
4667,0
4668,0
4669,0
4670,62.38751799
4671,0
4672,26.25908537
4673,0
4674,0
4675,0
4676,0
4677,0
4678,0
4679,0
4680,0
4681,0
4682,85.01977076
4683,0
4684,0
4685,0
4686,0
4688,0
4689,0
4690,0
4691,0
4692,0
4693,0
4694,0
4695,28.97068725
4696,56.6523812
4697,0
4698,56.38109892
4699,0
4700,0
4701,0
4702,0
4703,0
4704,41.12249842
4705,49.18499594
4706,51.19410312
4707,0
4708,59.85985277
4709,0
4710,0
4711,34.9052386
4712,0
4713,31.56246302
4714,56.02436626
4715,48.62714786
4716,56.48219726
4717,0
4718,0
4719,0
4720,48.64124684
4721,80.73400996
4722,55.92502345
4723,54.25147921
4724,0
4725,48.75587316
4726,0
4727,42.68367607
4728,0
4729,0
4730,0
4731,49.99383739
4732,0
4733,0
4734,0
4735,0
4736,0
4737,0
4738,89.60482349
4739,0
4740,53.26901564
4741,0
4742,0
4743,34.34976566
4744,60.76557685
4745,35.18711486
4746,0
4747,0
4748,0
4749,0
4750,0
4751,0
4752,0
4753,0
4754,0
4755,0
4756,0
4757,0
4758,0
4759,0
4760,0
4761,0
4762,0
4763,64.27314218
4764,0
4765,41.04615377
4766,0
4767,0
4768,0
4769,0
4770,0
4771,0
4772,0
4774,0
4775,0
4776,0
4777,0
4778,0
4779,0
4780,0
4781,0
4782,0
4783,0
4784,0
4785,0
4786,0
4787,0
4788,0
4789,0
4790,0
4791,0
4792,0
4793,0
4794,0
4795,0
4796,61.53641302
4797,0
4798,0
4799,0
4800,0
4801,0
4802,0
4803,0
4804,0
4805,0
4806,0
4807,0
4808,0
4809,0
4810,0
4811,0
4812,0
4813,0
4814,0
4815,0
4816,0
4817,0
4818,0
4819,0
4820,0
4821,0
4822,0
4823,0
4824,0
4825,0
4826,0
4827,0
4828,0
4829,0
4830,0
4831,0
4832,0
4833,0
4834,0
4835,0
4836,0
4837,0
4838,0
4839,0
4841,0
4842,0
4843,0
4844,0
4845,0
4846,0
4847,0
4848,0
4849,0
4850,0
4851,0
4852,0
4853,0
4854,0
4855,0
4856,0
4857,0
4858,0
4859,0
4860,0
4861,0
4862,0
4863,0
4864,0
4865,0
4866,0
4867,0
4868,0
4869,0
4870,34.34493945
4871,0
4872,0
4873,0
4874,0
4875,0
4876,0
4877,0
4878,0
4879,0
4880,0
4881,0
4882,0
5057,0
4883,0
4884,0
4885,0
4886,0
4887,0
4888,0
4889,0
4890,0
4891,0
4892,0
4893,0
4894,0
4895,0
4896,0
4897,0
4898,46.01276574
4899,0
4900,0
4901,0
4902,0
4903,0
4904,0
4905,0
4906,0
4907,0
4908,0
4909,0
4910,0
4911,0
4912,0
4913,0
4914,0
4915,0
4916,0
4917,0
4918,0
4919,0
4920,0
4921,0
4922,0
4923,56.13135083
4924,40.09850331
4925,0
4926,0
4927,0
4928,0
4929,0
4930,0
4931,0
4932,0
4933,0
4934,0
4935,47.58786924
4936,0
4937,0
4938,0
4939,0
4940,0
4941,0
4942,43.01424877
4943,0
4944,0
4945,0
4946,0
4947,0
4948,35.28210831
4949,0
4950,0
4951,0
4952,0
4953,0
4954,0
4955,0
4956,0
4957,0
4958,0
4959,0
4960,0
4961,0
4962,47.82858451
4963,0
4964,0
4965,0
4966,0
4967,38.19230166
4968,0
4969,41.06560136
4970,49.79409784
4971,37.35935041
4972,29.8029217
4973,0
4974,0
4975,0
4976,0
4977,0
4978,0
4979,35.72290634
4980,38.00868086
4981,45.28725465
4982,0
4983,0
4984,0
4985,46.43329003
4986,60.27075198
4987,56.19005505
4988,0
4989,48.71884892
4990,55.38960252
4991,0
4992,63.57559214
4993,61.55456674
4994,39.21431951
4995,40.67969276
5058,0
4996,36.14233418
4997,0
4998,55.88820575
4999,0
5000,0
5001,45.91387852
5002,0
5003,0
5004,88.26751644
5005,0
5006,80.07854727
5007,54.82393653
5008,51.919842
5009,33.91423424
5010,38.79600026
5011,0
5012,53.34543318
5013,55.78504206
5014,46.65512871
5015,49.8410023
5016,46.29641272
5017,56.65099014
5018,33.65436599
5019,55.82325083
5020,0
5021,26.88953012
5022,55.63396251
5023,44.08409441
5024,46.31843592
5025,60.9816265
5026,37.71851287
5027,40.77521469
5028,87.95619088
5029,41.269423
5030,37.57714041
5031,45.23778066
5032,40.20548787
5033,84.30908759
5034,74.56711404
5035,56.70205261
5036,48.05283174
5037,47.12817944
5038,53.44408957
5039,52.71430201
5040,61.571378
5041,48.72530614
5042,31.76685262
5043,41.55085278
5044,0
5045,0
5046,33.58752798
5047,0
5048,0
5049,0
5050,0
5051,0
5052,0
5053,0
5054,0
5055,0
5056,0
5059,0
5060,0
5061,0
5062,0
5063,38.73200513
5064,0
5065,48.95529683
5066,0
5067,65.9411252
5068,43.69873251
5069,53.34975217
5070,55.00801291
5071,47.22756781
5072,53.41085584
5073,53.2377622
5074,63.2649287
5075,0
5076,76.34538009
5077,0
5078,0
5079,49.09708539
5080,48.99010083
5081,40.61600439
5082,58.4991102
5083,60.9984742
5084,51.92338042
5085,59.51440963
5086,32.37819298
5087,70.85935357
5088,41.02101738
5089,33.51681441
5090,0
5091,0
5092,0
5093,57.62846045
5094,30.40091633
5095,47.86676291
5096,0
5097,0
5098,50.24334858
5099,66.63633352
5100,0
5101,0
5102,0
5103,72.54818132
5104,50.4573177
5105,0
5106,0
5107,0
5108,62.07420605
5109,0
5110,0
5111,40.65421316
5112,0
5113,0
5114,0
5115,69.89172095
5116,0
5117,43.14542514
5118,0
5119,0
5120,0
5423,0
5121,0
5122,62.2346829
5123,0
5124,0
5125,0
5126,0
5127,60.15737094
5128,0
5129,0
5130,0
5131,0
5132,0
5133,0
5134,0
5135,0
5136,0
5137,0
5138,51.71323217
5139,0
5140,0
5141,0
5142,0
5143,0
5144,0
5145,0
5146,0
5147,0
5148,63.13452076
5149,49.55272956
5150,63.4929968
5151,0
5152,53.68780262
5153,47.55234237
5154,51.93866392
5155,53.39175145
5156,41.85652296
5157,41.16494417
5158,0
5159,0
5160,64.30712612
5161,0
5162,0
5163,83.92062161
5164,0
5165,51.96274335
5166,0
5167,0
5168,0
5169,0
5170,0
5171,0
5172,0
5173,0
5174,0
5175,0
5176,0
5177,0
5178,0
5179,0
5180,0
5181,0
5182,0
5183,0
5184,0
5185,0
5186,53.2377622
5187,0
5188,0
5189,0
5190,0
5191,0
5192,0
5193,0
5194,0
5195,0
5196,0
5197,0
5198,0
5199,46.91265827
5200,0
5201,0
5202,0
5203,0
5204,0
5205,0
5206,0
5207,0
5208,0
5209,0
5210,0
5211,0
5212,0
5213,0
5214,0
5215,0
5216,0
5217,0
5218,0
5219,0
5220,0
5221,0
5222,0
5223,0
5224,0
5225,0
5226,0
5227,0
5228,0
5229,0
5230,0
5231,0
5232,0
5233,0
5234,0
5235,0
5236,0
5237,0
5238,0
5239,0
5240,0
5241,0
5242,0
5243,0
5244,0
5245,0
5246,0
5247,0
5248,0
5249,0
5250,0
5251,54.67177571
5252,0
5253,0
5254,0
5255,0
5256,0
5257,72.64850517
5258,41.84123945
5259,60.23407095
5260,59.95868532
5261,53.14224027
5262,0
5263,47.30127308
5264,65.5221651
5265,45.94846384
5266,60.01981936
5267,86.40758446
5268,47.55113051
5383,0
5269,88.3592175
5270,46.46408485
5271,49.53321211
5272,90.15502982
5273,43.74785721
5274,60.03561313
5275,35.11378925
5276,35.69233932
5277,49.28315422
5278,53.6853151
5279,67.06904331
5280,0
5281,55.17545724
5282,0
5283,0
5284,0
5285,0
5286,73.06706739
5287,0
5288,0
5289,60.10456508
5290,98.4904619
5291,90.18559684
5292,94.80320295
5293,93.09411969
5294,95.14708191
5295,90.75108667
5296,96.74420861
5297,89.78058384
5298,88.90178207
5299,89.58953998
5300,60.33364155
5301,89.81879262
5302,88.06118907
5303,76.0328214
5304,83.96820034
5305,63.7555834
5306,50.58299055
5307,87.36578941
5308,91.58869404
5309,67.57626933
5310,69.47717703
5311,81.68696652
5312,71.73149462
5313,65.52827911
5314,71.18893005
5315,76.72705171
5316,69.37783422
5317,65.43657805
5318,65.62762192
5319,68.47610719
5320,50.99564529
5321,74.98473168
5322,56.38234419
5323,62.12248639
5352,59.04285931
5324,64.67393034
5325,56.15309156
5326,56.68037262
5327,56.4320156
5328,50.09617798
5329,57.39869755
5330,58.6672288
5331,56.45111998
5332,65.20732542
5333,57.69723624
5437,0
5334,57.1541614
5335,78.63101794
5336,46.20086042
5337,58.98436162
5338,48.84490749
5339,56.48932876
5340,49.56377913
5341,56.59631332
5342,42.07542764
5343,58.20872353
5344,58.91176495
5345,46.86458446
5346,62.05280853
5347,68.35383911
5348,64.42041605
5349,45.4137597
5350,48.50669303
5351,49.2456835
5384,0
5353,46.34987463
5354,47.23903044
5355,47.00324465
5356,0
5357,45.70414637
5358,47.54635593
5359,37.96431556
5360,78.40940706
5361,63.94662726
5362,0
5363,0
5364,64.9245805
5365,0
5366,46.57203222
5367,0
5368,75.3668194
5369,37.53831508
5370,0
5371,0
5372,0
5373,91.6803951
5374,0
5375,0
5376,0
5377,97.15686335
5378,0
5379,0
5380,0
5381,0
5382,0
5422,0
5385,35.36041503
5386,0
5387,0
5388,0
5389,0
5390,46.10970607
5391,0
5392,0
5393,0
5394,0
5395,0
5396,0
5397,47.4655708
5398,60.44130039
5399,45.55131128
5400,40.37895813
5401,0
5402,0
5403,49.89160918
5404,0
5405,45.84988642
5406,0
5407,0
5408,56.67273087
5409,0
5410,0
5411,0
5412,0
5413,0
5414,0
5415,0
5416,0
5417,0
5418,0
5419,0
5420,0
5421,0
5424,0
5425,0
5426,0
5427,0
5428,0
5429,38.9881588
5430,0
5431,0
5432,0
5433,0
5434,0
5435,0
5436,0
5438,0
5439,0
5440,0
5441,0
5442,0
5443,0
5444,0
5445,0
5446,0
5447,0
5448,56.64216385
5449,0
5450,38.35404504
5451,48.08073204
5452,45.35262567
5453,0
5454,0
5455,0
5456,64.04597007
5457,0
5458,48.79141521
5459,0
5460,45.52074427
5461,64.32852364
5462,55.80157085
5463,0
5464,0
5465,0
5466,91.04147334
5467,90.91156352
5468,90.56768456
5469,89.81115086
5470,92.74757098
5471,83.22395844
5472,90.04238987
5473,87.55683327
5474,87.79372766
5475,61.37292017
5476,58.49962046
5477,86.57868869
5478,81.0460584
5479,80.68051768
5480,86.24710761
5481,76.79624361
5482,74.19040531
5483,59.67469513
5484,85.59290235
5485,60.63931174
5486,66.31134027
5487,70.0798946
5488,59.07099652
5489,61.62145336
5490,55.22872172
5491,56.75707263
5492,58.91816143
5493,44.79818236
5494,66.63444434
5495,62.85941759
5496,75.99768026
5561,0
5497,57.00925053
5498,64.72589488
5499,57.97058386
5500,49.26022896
5501,59.97272355
5502,55.06032066
5503,57.80246526
5504,49.77222651
5505,44.00682947
5506,50.20780652
5507,39.57600594
5508,41.03503435
5509,41.15020737
5510,53.2033743
5511,85.60818586
5512,40.72936416
5513,54.41195605
5514,50.33007459
5515,43.00237004
5516,35.21800687
5517,0
5518,41.00446733
5519,34.10594631
5520,41.09671509
5521,45.55471606
5522,29.12474332
5523,84.9968455
5524,0
5525,0
5526,0
5527,0
5528,0
5529,0
5530,0
5531,40.27085889
5532,0
5533,0
5534,0
5535,74.70198676
5536,0
5537,34.67544229
5538,39.62895151
5539,0
5540,43.53729286
5541,0
5542,0
5543,0
5544,0
5545,0
5546,0
5547,0
5548,0
5677,0
5549,0
5550,0
5551,0
5552,0
5553,0
5554,0
5555,0
5556,0
5557,50.20016477
5558,0
5559,0
5560,55.60947305
5562,0
5563,0
5564,0
5565,54.33553851
5566,39.98101893
5567,90.45305824
5568,90.78929544
5569,94.50146603
5570,94.91782927
5571,58.95048398
5572,45.82981922
5573,82.917289
5574,61.51811351
5575,59.4013475
5576,55.5346197
5577,81.44342963
5578,58.93520047
5675,0
5579,91.44083095
5580,75.11140682
5581,48.96008052
5582,68.9871237
5583,73.99936145
5584,78.76243729
5585,80.7938805
5586,70.75717092
5587,66.79492119
5588,67.96410963
5589,59.46225374
5590,60.95105948
5591,64.1355906
5592,74.32031514
5593,78.0502446
5594,57.70436773
5595,66.7414289
5596,55.54175119
5597,57.98711265
5598,41.21057602
5599,52.64603648
5600,55.74702464
5601,55.80275538
5602,45.34498391
5603,58.22018616
5604,57.32992176
5605,49.48948159
5676,0
5606,92.61766115
5607,54.67059118
5608,48.1036573
5609,57.27693974
5610,58.22018616
5611,28.26886681
5612,42.06778589
5613,48.30234292
5614,66.14537205
5615,55.90209819
5616,39.51432519
5617,44.34391407
5618,43.49622602
5619,51.87846537
5620,47.67571905
5621,0
5622,61.84738323
5623,30.51360487
5624,33.30478306
5625,0
5626,84.95863673
5627,0
5628,0
5629,70.04266687
5630,0
5631,70.02738336
5632,0
5633,0
5634,0
5635,0
5636,60.2264292
5637,0
5638,0
5639,66.61817979
5640,0
5641,0
5642,0
5643,0
5644,46.56766464
5645,0
5646,0
5647,0
5648,0
5649,0
5650,0
5651,0
5652,0
5653,0
5654,0
5655,49.30778035
5656,0
5657,0
5658,0
5659,0
5660,0
5661,0
5662,0
5663,0
5664,0
5665,0
5666,0
5667,0
5668,0
5669,0
5670,0
5671,0
5672,0
5673,0
5674,0
5678,0
5679,0
5680,0
5681,0
5682,0
5683,39.58310098
5684,0
5685,0
5686,0
5687,0
5688,0
5689,0
5690,0
5691,44.34391407
5692,44.98582145
5693,40.6280441
5694,54.42605503
5695,33.13472668
5696,0
5697,90.26667051
5698,58.52967722
5699,39.23284681
5700,94.1230868
5701,88.05946694
5702,86.15273681
5703,88.1910989
5704,53.05846343
5705,66.09089873
5706,57.50619237
5707,48.63360508
5708,38.66609044
5709,27.48176609
5710,0
5711,0
5712,0
5713,38.68137395
5714,44.58080846
5715,0
5716,96.53023948
5717,86.18895921
5718,80.08983982
5719,60.44039832
5720,43.96237305
5721,44.16870042
5722,44.25275972
5723,43.77460335
5724,0
5725,45.28439658
5726,0
5727,0
5728,0
5729,97.05381204
5730,90.42249123
5731,89.16160173
5732,88.4432768
5733,85.63237463
5734,85.71643393
5735,85.37255497
5736,86.29594377
5737,80.12804859
5738,62.47157729
5739,60.9829629
5835,55.18258873
5740,62.80781449
5741,81.27066098
5742,87.74787714
5743,90.13676068
5744,62.6628125
5745,84.92933321
5746,62.76196396
5747,45.64432747
5748,65.79385134
5749,41.85159348
5750,44.74183201
5751,54.64384503
5752,54.72408346
5753,44.48965411
5754,44.17579547
5755,53.92934098
5756,53.99811678
5757,48.94403162
5758,43.80899125
5759,62.49450255
5760,48.35923997
5761,43.93125932
5762,35.41961129
5763,61.22749904
5764,62.70082993
5765,44.2369295
5766,44.37066021
5767,61.05938044
5768,0
5769,0
5871,0
5770,0
5771,0
5772,0
5773,0
5774,63.05999239
5775,0
5776,0
5777,0
5778,0
5779,0
5780,0
5781,0
5782,0
5783,62.93772432
5784,0
5785,0
5786,62.16609846
5787,0
5788,0
5789,0
5790,0
5791,0
5792,0
5793,0
5794,0
5795,0
5796,0
5797,0
5798,0
5799,0
5800,44.7762199
5801,73.54543029
5802,95.00953032
5803,95.00188857
5804,84.66951355
5805,87.07540274
5806,60.4941184
5807,89.64303226
5808,88.38340626
5809,85.98263183
5810,88.12996486
5811,87.31993888
5812,74.71843961
5813,52.39408638
5884,0
5814,84.16515775
5815,79.44029068
5816,57.45270009
5817,72.14199899
5818,63.5047419
5819,62.52526092
5820,79.10405348
5821,61.8143864
5822,65.53403169
5823,47.80139189
5824,80.58290307
5825,48.84622263
5826,56.27654416
5827,57.62081869
5828,84.33327635
5829,53.61602905
5830,66.58859381
5831,53.26450834
5832,46.14539088
5833,56.00789822
5834,57.17326579
5836,43.10594983
5837,69.851623
5838,56.19248486
5839,43.28171018
5840,41.32376875
5841,44.00003511
5842,41.33714486
5843,0
5844,0
5845,43.47330075
5846,32.21965391
5847,0
5848,0
5849,0
5850,0
5851,0
5852,0
5853,44.44380358
5854,40.16882507
5855,0
5856,43.07538281
5857,58.89766597
5858,0
5859,0
5860,0
5861,0
5862,43.57209686
5863,59.61508883
5864,0
5865,0
5866,0
5867,0
5868,0
5869,0
5870,0
5872,0
5873,0
5874,0
5875,0
5876,0
5877,0
5878,0
5879,0
5880,0
5881,0
5882,0
5883,0
5886,0
5887,0
5888,0
5889,0
5890,0
5891,0
5892,0
5893,0
5894,42.94165211
5895,0
5896,0
5897,0
5898,0
5899,0
5900,48.00409581
5901,0
5902,97.18743037
5903,90.79659095
5904,88.07773608
5905,87.77588678
5906,82.17603881
5907,91.70332036
5908,66.59812475
5909,65.33723524
5910,92.09304984
5911,70.32541179
5912,87.92490099
5913,61.74713835
5914,57.45983158
5915,38.70541389
5916,44.62555038
5917,44.45144534
5918,0
5919,47.5394826
5920,0
5921,57.76550177
5922,0
5923,0
5924,0
5925,0
5926,82.06141249
5927,76.34613333
5928,60.44894215
5929,0
5930,0
5931,0
5932,70.13436792
5933,0
5934,0
5935,0
5936,0
5937,46.85805131
5938,0
5939,0
5940,0
5941,0
5942,0
5943,0
5944,0
5945,61.51114603
5946,0
5947,0
5948,96.24749456
5949,94.83376997
5950,87.96914177
5951,87.69438485
5952,91.36708316
5953,59.38606399
5954,81.80923459
5955,85.54067357
5956,86.28830202
5957,86.01446235
5958,63.56434819
5959,49.39851859
5960,75.3515359
5961,62.99885835
5962,60.40241735
5963,84.7476593
5964,90.36101094
5965,58.46141169
5966,75.7871159
5967,76.12452245
5968,81.87036863
5969,63.77067556
5970,57.85771308
6160,0
5971,66.55802679
5972,47.37571336
5973,68.41879403
5974,62.36459273
5975,54.08981783
5976,58.97408352
5977,46.77530715
6066,0
5978,60.90654535
5979,66.77963768
5980,65.44233063
5981,61.67836256
5982,62.18883237
5983,56.32621557
5984,40.85816539
5985,76.97275721
5986,57.77314352
5987,57.44836895
5988,54.64384503
5989,43.28225689
5990,48.41064262
5991,53.6236708
5992,57.37577228
5993,48.40168573
5994,46.4077345
5995,47.56163944
5996,57.4063393
5997,45.17575671
5998,49.44915281
5999,47.50760045
6000,71.55740476
6001,44.66868863
6002,65.29902647
6003,53.4555522
6004,37.3069728
6005,43.45747054
6006,62.15444448
6007,57.71965124
6008,43.41162001
6009,45.497819
6010,65.68686678
6011,60.02774358
6012,47.55345098
6013,0
6014,40.6693448
6015,47.44646641
6016,40.24140655
6017,36.29148811
6018,88.89414032
6019,43.60648475
6020,43.40397826
6021,46.23906919
6022,0
6023,58.82006389
6024,34.86370099
6025,0
6026,56.02318173
6027,36.48757383
6028,64.51192575
6029,62.15444448
6030,0
6031,42.78611081
6032,0
6033,0
6067,0
6034,0
6035,0
6036,69.32434194
6037,0
6038,0
6039,57.78460615
6040,0
6041,0
6042,57.44836895
6043,0
6044,0
6045,0
6046,0
6047,0
6048,56.32621557
6049,0
6050,0
6051,0
6052,79.0505612
6053,0
6054,0
6055,0
6056,0
6057,57.00896807
6058,0
6059,0
6060,54.93805258
6061,54.70879995
6062,87.96184626
6063,58.54496073
6064,0
6065,0
6068,0
6069,0
6070,0
6071,0
6072,0
6073,0
6074,0
6075,0
6076,0
6077,0
6078,0
6079,0
6080,0
6081,0
6082,0
6083,0
6084,0
6085,0
6086,0
6087,0
6088,0
6089,0
6090,0
6091,0
6092,0
6093,0
6094,0
6095,0
6096,0
6097,0
6098,0
6099,0
6100,0
6101,0
6102,0
6103,0
6104,0
6105,0
6106,0
6107,0
6108,0
6109,0
6110,0
6111,0
6112,0
6113,88.38214276
6114,0
6115,45.98109316
6116,89.37557085
6117,0
6118,59.99740435
6119,93.31591281
6120,45.88754848
6121,57.95008841
6122,47.97374748
6123,43.96182634
6124,35.67178919
6125,0
6126,46.70521622
6127,49.29153403
6128,46.93446886
6129,67.51324611
6130,51.06442108
6131,0
6132,37.44467625
6133,45.48385063
6134,54.54068135
6135,43.60648475
6136,72.2052834
6137,81.81762959
6138,81.95518117
6139,68.12647565
6140,50.87816091
6141,66.72822592
6142,66.32545139
6143,44.08053474
6144,67.12693355
6145,57.68908422
6146,49.18878645
6147,0
6148,0
6149,0
6150,60.00504611
6151,0
6152,0
6153,0
6154,0
6155,0
6156,0
6157,0
6158,0
6159,0
6161,0
6162,47.53052571
6163,88.51205259
6164,60.60110296
6165,83.28509248
6166,68.15300311
6167,62.10859395
6168,65.30477905
6169,45.47620887
6170,57.71251975
6171,41.581681
6172,65.38119659
6173,79.47467858
6174,43.72547865
6175,62.24996641
6176,41.0071796
6177,43.4803958
6178,45.42480623
6179,62.12769834
6180,41.0071796
6181,52.95883816
6182,32.34574286
6183,43.67908142
6184,0
6185,0
6186,0
6187,0
6188,0
6189,0
6190,0
6220,59.36157454
6191,58.98869275
6192,88.81008102
6193,86.95313466
6194,59.64588365
6195,55.54293573
6196,63.92926323
6197,63.38287778
6198,44.77316746
6199,41.96316431
6200,63.65416007
6201,51.87370901
6202,66.11480503
6203,0
6204,0
6205,55.54293573
6206,0
6207,0
6208,0
6209,58.85855513
6210,0
6211,0
6212,0
6213,52.32839341
6214,63.70765235
6215,42.24625244
6216,60.83242094
6217,90.75872843
6218,88.58082838
6219,59.16445311
6221,56.78763965
6222,54.33330004
6223,45.8833115
6224,46.4717266
6225,55.13792274
6226,41.67694173
6227,41.01975084
6228,53.35620939
6369,0
6229,0
6230,51.82904302
6231,0
6232,37.86425292
6233,0
6234,97.09572932
6235,96.58373176
6236,96.73656685
6237,97.66886091
6238,90.57532632
6239,90.62117684
6240,95.17764892
6241,95.45275209
6242,89.32972033
6243,60.81507209
6244,89.21708038
6245,89.74237507
6246,89.32406494
6247,85.84973638
6248,60.45590963
6249,84.76759286
6250,92.59473589
6251,91.4331892
6252,85.09320268
6253,89.01640839
6254,84.62239953
6255,79.34321064
6256,85.76102095
6257,87.04483572
6258,82.66611036
6259,82.97178054
6260,60.92969841
6261,85.77331883
6262,85.45236514
6263,53.6684674
6264,85.82979674
6265,82.43984943
6266,58.83585766
6267,56.68088288
6268,67.64100556
6269,88.08131094
6270,96.85883493
6271,81.19125173
6272,53.56304703
6273,59.30964645
6274,64.84412339
6275,79.63359731
6276,55.45797436
6277,58.75768458
6278,74.75664839
6279,60.14848391
6280,67.19778379
6281,56.96206361
6282,38.26926591
6283,58.7882516
6284,86.05606375
6285,58.94108669
6286,80.49884377
6287,62.98168567
6288,50.10082196
6289,58.620133
6290,54.68615715
6291,53.42616972
6292,60.71572928
6293,88.79479751
6294,75.47422007
6295,50.31479108
6296,55.8553456
6297,75.71111446
6298,59.03278774
6299,58.81117686
6300,44.36662065
6301,53.90760025
6302,50.24601529
6303,50.13903073
6304,50.68923706
6305,43.64982954
6306,64.60362681
6307,53.57518393
6308,68.52861843
6309,51.62153111
6310,59.4282698
6311,49.84864406
6312,53.25686658
6313,36.66039107
6314,55.93963269
6315,61.75136318
6316,50.27658231
6317,53.53315428
6318,39.5148719
6319,50.23837354
6320,49.30607948
6321,53.19624281
6322,40.18679959
6323,65.51659779
6324,51.69913319
6325,40.92040803
6326,0
6327,32.21771614
6328,56.22845517
6329,0
6330,38.95647711
6331,39.15516273
6332,40.17151608
6333,40.48482802
6334,37.33004993
6335,32.11837333
6336,0
6337,40.29433086
6338,0
6370,0
6339,0
6340,67.97724276
6341,64.55373672
6342,0
6343,0
6344,55.03790565
6345,30.48303786
6346,32.30177544
6347,0
6348,81.98599421
6349,29.4304135
6350,50.48290968
6351,44.46618214
6352,44.15265152
6353,82.8113037
6354,0
6355,58.49786493
6356,37.53782304
6357,0
6358,0
6359,0
6360,46.19662344
6361,53.63131256
6362,0
6363,39.62130976
6364,0
6365,0
6366,0
6367,0
6368,0
6371,0
6372,0
6373,0
6374,0
6375,0
6376,0
6377,0
6378,0
6379,0
6380,0
6381,0
6382,0
6383,0
6384,50.77329636
6385,42.79066063
6386,56.93306078
6387,0
6388,0
6389,0
6390,0
6391,0
6392,0
6393,0
6394,0
6395,0
6396,0
6397,0
6398,0
6399,0
6400,0
6401,0
6402,0
6403,0
6404,0
6405,0
6406,0
6407,0
6408,0
6409,0
6517,0
6410,0
6411,0
6412,0
6413,0
6414,0
6415,0
6416,0
6417,0
6418,0
6419,0
6420,0
6421,0
6422,0
6423,0
6424,0
6425,0
6426,0
6427,0
6428,0
6429,0
6430,0
6431,0
6432,0
6433,0
6434,0
6435,0
6436,0
6437,39.64478173
6438,0
6439,0
6440,0
6441,0
6442,0
6443,0
6444,0
6445,0
6446,0
6447,0
6448,0
6449,52.79190409
6450,37.67674443
6451,86.23480973
6452,66.95539803
6453,39.1437001
6454,56.1075235
6455,80.61047839
6456,44.21378556
6457,53.64013884
6458,55.54069726
6459,47.53393048
6460,90.20214385
6461,79.70086358
6462,53.12483675
6463,62.21300291
6464,59.94340181
6465,61.60166255
6466,0
6467,0
6468,0
6469,0
6470,0
6471,0
6472,0
6473,0
6474,0
6475,0
6476,0
6477,0
6478,0
6479,0
6480,0
6481,0
6482,0
6483,0
6484,0
6485,0
6486,0
6487,0
6488,0
6489,0
6490,0
6491,0
6492,70.43239635
6493,59.85170076
6494,60.39426533
6495,50.27773647
6496,44.09285084
6497,40.96752509
6498,0
6499,0
6500,0
6501,78.97372755
6502,0
6503,0
6504,0
6505,0
6506,0
6507,0
6508,0
6509,0
6510,0
6511,41.91128178
6512,95.9723914
6513,96.26277807
6514,62.03981816
6515,43.49185843
6516,88.50441084
6518,0
6519,0
6520,49.84938211
6521,85.92913955
6522,80.66523417
6523,59.42427276
6524,85.58609585
6525,44.64936556
6526,53.58664656
6527,55.87827086
6528,75.82191991
6529,58.02426749
6530,0
6531,0
6532,0
6533,0
6534,0
6535,56.55046279
6536,46.46832183
6537,96.90468545
6538,32.372489
6539,0
6540,0
6541,0
6542,61.60217281
6543,0
